Link,website
https://stackoverflow.com/questions/49996886/any-static-application-security-testing-sast-tools-for-f?r=SearchResults,stackoverflow
https://stackoverflow.com/questions/52177946/jenkins-multibranch-pipeline-fails-because-it-runs-in-groovy-sandbox?r=SearchResults,stackoverflow
https://stackoverflow.com/questions/56510896/netrc-not-being-used-in-gitlab-ci-server?r=SearchResults,stackoverflow
https://stackoverflow.com/questions/56522764/how-to-inlcude-container-registry-vulnerability-scans-in-the-ci-cd-script-using?r=SearchResults,stackoverflow
https://stackoverflow.com/questions/58551172/apple-distribution-certificate-doesnt-include-private-keys-when-created-from-ap?r=SearchResults,stackoverflow
https://stackoverflow.com/questions/61273136/is-there-a-way-to-configure-the-maven-compiler-plugin-to-work-with-relative-path?r=SearchResults,stackoverflow
https://stackoverflow.com/questions/62665625/how-to-perform-kaniko-docker-build-and-push-in-separate-gitlab-ci-stages?r=SearchResults,stackoverflow
https://stackoverflow.com/questions/63472046/agent-pool-deployment-pool?r=SearchResults,stackoverflow
https://stackoverflow.com/questions/63673058/jenkins-pipeline-multi-trigger-options-on-git-branch?r=SearchResults,stackoverflow
https://stackoverflow.com/questions/64218657/security-group-sg-0da667222da8a6eb2-does-not-appear-to-belong-to-the-same-vpc-as?r=SearchResults,stackoverflow
https://stackoverflow.com/questions/65047701/how-to-resolve-sql-database-data-motion-errors-in-azure-cd?r=SearchResults,stackoverflow
https://stackoverflow.com/questions/65152987/scope-for-an-enterprise-grade-ci-cd-pipeline?r=SearchResults,stackoverflow
https://stackoverflow.com/questions/65320915/access-to-the-path-c-windows-system32-config-systemprofile-appdata-local-micro?r=SearchResults,stackoverflow
https://stackoverflow.com/questions/66107317/is-injecting-environment-variables-into-ci-cd-scripts-really-best-security-pract?r=SearchResults,stackoverflow
https://stackoverflow.com/questions/66308908/does-github-actions-cache-detect-changes-in-the-base-docker-image?r=SearchResults,stackoverflow
https://stackoverflow.com/questions/66849614/gitlab-ci-cd-pipeline-of-infra-as-code-with-devsecops?r=SearchResults,stackoverflow
https://stackoverflow.com/questions/67388923/how-to-secure-the-environment-repo-in-a-gitops-setup?r=SearchResults,stackoverflow
https://stackoverflow.com/questions/67997018/how-to-detect-xss-vulnerability-for-any-commits-in-gitlab-ci-cd-pipeline?r=SearchResults,stackoverflow
https://stackoverflow.com/questions/68764789/error-sast-job-chosen-stage-does-not-exist-available-stages-are-for-gitlab-s?r=SearchResults,stackoverflow
https://stackoverflow.com/questions/71061889/build-from-the-latest-base-image-in-gitlab-ci-cd?r=SearchResults,stackoverflow
https://stackoverflow.com/questions/71212086/how-to-regularly-expire-or-delete-docker-build-cache?r=SearchResults,stackoverflow
https://stackoverflow.com/questions/71964532/do-i-need-vpc-for-a-100-serverless-architecture-on-aws?r=SearchResults,stackoverflow
https://stackoverflow.com/questions/73490952/devsecops-q-how-do-you-build-in-the-capability-to-automate-the-ability-to-disco?r=SearchResults,stackoverflow
https://stackoverflow.com/questions/73653673/how-to-retrieve-secret-from-aws-secret-manager-during-gitlab-ci-cd?r=SearchResults,stackoverflow
https://stackoverflow.com/questions/74279895/is-there-a-helm-chart-for-installing-tekton-pipelines?r=SearchResults,stackoverflow
https://stackoverflow.com/questions/74930804/module-not-found-error-cant-resolve-aws-exports-causes-automatic-build-i?r=SearchResults,stackoverflow
https://stackoverflow.com/questions/74974588/security-recommendations-around-granting-sites-fullcontrol-permission-to-azure?r=SearchResults,stackoverflow
https://stackoverflow.com/questions/74994565/webpack-fail-when-running-next-build-in-gitlab-ci-works-fine-locally-typescrip?r=SearchResults,stackoverflow
https://stackoverflow.com/questions/75096251/gitlab-external-job?r=SearchResults,stackoverflow
https://stackoverflow.com/questions/75116137/run-a-powershell-script-on-machine-connected-to-deployment-group-in-azure?r=SearchResults,stackoverflow
https://stackoverflow.com/questions/75354017/gitlab-ci-cd-pipeline-keeps-failing-for-terraform-plan-apply-terraform-layered?r=SearchResults,stackoverflow
https://stackoverflow.com/questions/75927152/how-will-new-rules-of-ca-b-forums-code-signing-certificates-affect-uwp-signing?r=SearchResults,stackoverflow
https://stackoverflow.com/questions/76145800/how-to-use-hashicorp-vault-with-react?r=SearchResults,stackoverflow
https://stackoverflow.com/questions/76447024/need-help-on-running-different-enviroments-on-git-or-with-a-ci-cd-pipeline?r=SearchResults,stackoverflow
https://stackoverflow.com/questions/76815440/what-is-the-preferred-way-of-storing-a-variable-in-gitlab-without-any-collaborat?r=SearchResults,stackoverflow
https://stackoverflow.com/questions/77042814/how-to-perform-gitlab-container-scanning-before-pushing-images-using-gitlab-ci-w?r=SearchResults,stackoverflow
https://stackoverflow.com/questions/77416102/does-docker-need-to-be-installed-ona-windows-server-thats-hosting-a-gitlab-cicd?r=SearchResults,stackoverflow
https://stackoverflow.com/questions/77900406/permissions-for-pipelines-triggered-by-another-pipeline?r=SearchResults,stackoverflow
https://stackoverflow.com/questions/77932002/best-practices-for-managing-azure-secrets-in-terraform-ci-cd-pipelines?r=SearchResults,stackoverflow
https://stackoverflow.com/questions/78069270/with-gitlab-in-the-ci-cd-pipeline-how-can-i-dynamically-create-and-save-ssh-ke?r=SearchResults,stackoverflow
https://stackoverflow.com/questions/78306783/how-to-get-playwright-net-tests-to-run-in-azure-devops-server-against-iis-using?r=SearchResults,stackoverflow
https://stackoverflow.com/questions/78675746/how-to-remove-provided-scope-dependencies-from-gemnasium-maven-dependency-scan-i?r=SearchResults,stackoverflow
https://stackoverflow.com/questions/78918486/assign-a-file-variable-a-value-from-ci-cd-variable?r=SearchResults,stackoverflow
https://stackoverflow.com/questions/79120920/how-to-properly-load-zest-script-for-authentication-in-owasp-zap-api-scan-using?r=SearchResults,stackoverflow
https://stackoverflow.com/questions/79326170/allow-a-particular-gitlab-cicd-job-to-be-run-manual-only-by-users-with-particu?r=SearchResults,stackoverflow
https://stackoverflow.com/questions/79445064/how-to-optimize-ci-cd-in-gitlab-when-using-a-custom-docker-image-for-testing?r=SearchResults,stackoverflow
https://stackoverflow.com/questions/79534198/is-it-possible-to-automatically-regenerate-auth-token-for-pypi?r=SearchResults,stackoverflow
https://stackoverflow.com/questions/79575571/issue-with-zlib-vulnerability-in-ci-cd-pipeline-gitlab?r=SearchResults,stackoverflow
https://stackoverflow.com/questions/79610483/pipeline-continues-to-next-stage-even-after-previous-stage-jobs-fails?r=SearchResults,stackoverflow
https://stackoverflow.com/questions/79630011/transitioning-from-manual-job-table-creation-to-ci-cd-with-service-principal-in?r=SearchResults,stackoverflow
https://stackoverflow.com/questions/35756703/how-can-i-deal-with-security-updates-in-my-docker-containers?r=SearchResults,stackoverflow
https://stackoverflow.com/questions/38037760/how-to-set-iframe-src-without-causing-unsafe-value-exception/74849118?r=SearchResults#74849118,stackoverflow
https://stackoverflow.com/questions/46750769/bintray-api-access-user-accounts-and-repository-management?r=SearchResults,stackoverflow
https://stackoverflow.com/questions/51038988/gitlab-runner-cant-access-gitlab-self-hosted-instance/68606949?r=SearchResults#68606949,stackoverflow
https://stackoverflow.com/questions/51624230/management-of-kubernetes-secrets/51627816?r=SearchResults#51627816,stackoverflow
https://stackoverflow.com/questions/52387669/how-to-replace-environment-variables-of-an-azure-function-in-release-pipeline-on?r=SearchResults,stackoverflow
https://stackoverflow.com/questions/54143695/how-to-use-my-dart-packages-private-and-not-show-on-pub-dart-lang/72643487?r=SearchResults#72643487,stackoverflow
https://stackoverflow.com/questions/55003651/what-are-some-ways-to-use-our-angular-components-in-another-applications-angula?r=SearchResults,stackoverflow
https://stackoverflow.com/questions/55402064/gradle-multi-project-integration-tests-with-junit5?r=SearchResults,stackoverflow
https://stackoverflow.com/questions/56794473/how-to-control-pipeline-failure-based-on-severity-of-snyk-vulnerabilities-found?r=SearchResults,stackoverflow
https://stackoverflow.com/questions/59039385/ci-cd-pipeline-for-aws-glue/59387318?r=SearchResults#59387318,stackoverflow
https://stackoverflow.com/questions/61508234/jenkins-gitlab-pipeline-email-sending-warning-and-creating-jenkins-users?r=SearchResults,stackoverflow
https://stackoverflow.com/questions/63019825/how-should-i-trigger-one-pipeline-at-the-end-of-another-using-the-example-from?r=SearchResults,stackoverflow
https://stackoverflow.com/questions/63435266/security-hole-in-azure-pipelines?r=SearchResults,stackoverflow
https://stackoverflow.com/questions/63769128/how-to-secure-communication-between-pact-broker-consumer-and-provider?r=SearchResults,stackoverflow
https://stackoverflow.com/questions/64449366/terraform-module-add-git-source-with-pat-as-env-variable/78410525?r=SearchResults#78410525,stackoverflow
https://stackoverflow.com/questions/64562526/how-do-i-protect-azure-pipelines-yml-pipeline-file-in-azure-devops?r=SearchResults,stackoverflow
https://stackoverflow.com/questions/65799380/running-docker-commands-inside-jenkins-pipeline?r=SearchResults,stackoverflow
https://stackoverflow.com/questions/66678238/problem-gitlab-ci-yml-mysql-connection-error?r=SearchResults,stackoverflow
https://stackoverflow.com/questions/66885505/how-to-decide-schema-version-numbers-with-flyway-for-multirepo-project?r=SearchResults,stackoverflow
https://stackoverflow.com/questions/66968609/how-to-secure-critical-data-blazor-serverside/66968743?r=SearchResults#66968743,stackoverflow
https://stackoverflow.com/questions/68401626/how-can-i-login-to-azure-with-powershell-using-2-factor-authentication?r=SearchResults,stackoverflow
https://stackoverflow.com/questions/68544196/restrict-rights-of-non-admin-users-within-databricks-workspace?r=SearchResults,stackoverflow
https://stackoverflow.com/questions/68649441/is-there-a-way-to-access-apache2s-setenv-variables-through-php-cli/68650169?r=SearchResults#68650169,stackoverflow
https://stackoverflow.com/questions/68900061/net-app-cant-find-a-node-modules-directory-in-linux?r=SearchResults,stackoverflow
https://stackoverflow.com/questions/70752671/does-sauce-lab-needs-authenticate-to-run-tests-which-are-in-client-side?r=SearchResults,stackoverflow
https://stackoverflow.com/questions/70833690/gitlab-not-picking-up-jobs-from-gitlab-ci-yml-on-new-projects?r=SearchResults,stackoverflow
https://stackoverflow.com/questions/70983600/remote-the-project-you-were-looking-for-could-not-be-found-or-you-dont-have-pe/76804130?r=SearchResults#76804130,stackoverflow
https://stackoverflow.com/questions/71159918/what-could-cause-terraform-to-forget-that-its-already-managing-a-resource-it?r=SearchResults,stackoverflow
https://stackoverflow.com/questions/71612340/error-cannot-perform-an-interactive-login-from-a-non-tty-device?r=SearchResults,stackoverflow
https://stackoverflow.com/questions/71624199/unable-to-pass-selenium-tests-within-azure-pipeline?r=SearchResults,stackoverflow
https://stackoverflow.com/questions/71727346/binary-authorization-for-cloud-run-vs-gcloud-vulnerability-filter?r=SearchResults,stackoverflow
https://stackoverflow.com/questions/72276282/is-there-a-way-to-start-an-application-in-a-docker-container-during-deployment?r=SearchResults,stackoverflow
https://stackoverflow.com/questions/73672202/terraform-state-file-in-multiple-backends?r=SearchResults,stackoverflow
https://stackoverflow.com/questions/74140016/junit-tests-run-locally-but-not-in-github-actions?r=SearchResults,stackoverflow
https://stackoverflow.com/questions/74369654/failed-to-execute-goal-org-sonarsource-scanner-mavensonar-maven-plugin3-9-1-21/75383502?r=SearchResults#75383502,stackoverflow
https://stackoverflow.com/questions/74890843/snyk-cli-for-docker-scan-azure-pipeline/74897835?r=SearchResults#74897835,stackoverflow
https://stackoverflow.com/questions/76940753/deploying-prisma-to-database-unaccessible-by-github-actions?r=SearchResults,stackoverflow
https://stackoverflow.com/questions/77041495/how-do-i-sign-an-xlsm-file-with-an-azure-keyvault-stored-certificate-after-june?r=SearchResults,stackoverflow
https://stackoverflow.com/questions/77298458/how-to-hide-env-keys-in-production-environment-on-aws-s3-bucket-cloudfront?r=SearchResults,stackoverflow
https://stackoverflow.com/questions/77695575/github-actions-env-var-not-working-with-net-getenvironmentvariable?r=SearchResults,stackoverflow
https://stackoverflow.com/questions/77880092/codecommit-cross-account-deploys-with-codepipeline?r=SearchResults,stackoverflow
https://stackoverflow.com/questions/77987385/how-to-run-docker-build-command-inside-a-docker-container?r=SearchResults,stackoverflow
https://stackoverflow.com/questions/78506474/gitlab-runner-executing-commands-on-remote-server?r=SearchResults,stackoverflow
https://stackoverflow.com/questions/78567660/secure-alternatives-to-o-stricthostkeychecking-no-in-ssh-for-jenkins-pipeline?r=SearchResults,stackoverflow
https://stackoverflow.com/questions/78871360/using-gitlab-container-registry-internally-with-http-only-no-https-selfhosted?r=SearchResults,stackoverflow
https://stackoverflow.com/questions/79100049/ci-cd-build-image-container-unable-to-run-systemd?r=SearchResults,stackoverflow
https://stackoverflow.com/questions/79577221/how-can-i-visualize-gitleaks-json-results-in-gitlab-automatically?r=SearchResults,stackoverflow
https://stackoverflow.com/questions/79672997/dependency-check-or-cyclonedx-with-dependency-tracker?r=SearchResults,stackoverflow
https://stackoverflow.com/questions/8092086/create-postgresql-role-user-if-it-doesnt-exist/68947421?r=SearchResults#68947421,stackoverflow
https://stackoverflow.com/questions/31519661/is-it-possible-to-show-fortify-scan-result-on-jenkins/55232108?r=SearchResults#55232108,stackoverflow
https://stackoverflow.com/questions/31527927/directory-remapping-between-users-or-processes-on-linux/75074063?r=SearchResults#75074063,stackoverflow
https://stackoverflow.com/questions/33283725/what-are-some-use-cases-for-using-elasticsearch-versus-standard-sql-queries/33285573?r=SearchResults#33285573,stackoverflow
https://stackoverflow.com/questions/45698859/industry-standard-methods-of-automating-azure-resource-deployment?r=SearchResults,stackoverflow
https://stackoverflow.com/questions/46472250/cannot-push-from-gitlab-ci-yml/75573010?r=SearchResults#75573010,stackoverflow
https://stackoverflow.com/questions/47394913/trigger-hp-webinspect-from-jenkins/55232083?r=SearchResults#55232083,stackoverflow
https://stackoverflow.com/questions/49222422/how-to-secure-ci-cd-pipeline/49230465?r=SearchResults#49230465,stackoverflow
https://stackoverflow.com/questions/49374611/what-are-some-best-practices-for-hosting-a-jenkins-server-on-the-cloud/49375241?r=SearchResults#49375241,stackoverflow
https://stackoverflow.com/questions/55354805/how-to-add-ca-crt-ie-certificate-inside-the-docker-executor-of-gitlab-runner/55356018?r=SearchResults#55356018,stackoverflow
https://stackoverflow.com/questions/55460997/how-to-overcome-intermittent-scope-session-is-not-active-for-the-current-threa?r=SearchResults,stackoverflow
https://stackoverflow.com/questions/56366064/migrating-classic-asp-net-solution-to-azure-repo?r=SearchResults,stackoverflow
https://stackoverflow.com/questions/56577890/gitlab-runner-unable-to-run-aws-commands/78308923?r=SearchResults#78308923,stackoverflow
https://stackoverflow.com/questions/57137554/is-it-safe-to-use-gitlab-ci-protected-variables-for-secrets/57139473?r=SearchResults#57139473,stackoverflow
https://stackoverflow.com/questions/57949044/ci-cd-how-to-run-the-initial-setup-steps-yum-upgrade-deps-installation-etc/57949154?r=SearchResults#57949154,stackoverflow
https://stackoverflow.com/questions/62158544/how-do-you-manage-image-versions-with-packer-and-terraform?r=SearchResults,stackoverflow
https://stackoverflow.com/questions/62575234/npm-dependencies-to-another-private-bitbucket-repo-azure-devops-pipeline-authent/62651771?r=SearchResults#62651771,stackoverflow
https://stackoverflow.com/questions/63569452/best-practice-for-running-database-schema-migrations?r=SearchResults,stackoverflow
https://stackoverflow.com/questions/63577998/how-to-manage-service-account-token-usage-in-k8s/63578464?r=SearchResults#63578464,stackoverflow
https://stackoverflow.com/questions/64563312/unable-to-configure-https-endpoint-for-net-core-kestral-server-in-linux-contain?r=SearchResults,stackoverflow
https://stackoverflow.com/questions/65267020/best-practice-net-core-api-and-docker/65267082?r=SearchResults#65267082,stackoverflow
https://stackoverflow.com/questions/65773331/how-to-enforce-standards-and-controls-when-using-cdk-pipeline/66998909?r=SearchResults#66998909,stackoverflow
https://stackoverflow.com/questions/67844219/setting-up-dns-forwarding-for-node-js-app-hosted-on-aws/67844772?r=SearchResults#67844772,stackoverflow
https://stackoverflow.com/questions/67997018/how-to-detect-xss-vulnerability-for-any-commits-in-gitlab-ci-cd-pipeline/75573242?r=SearchResults#75573242,stackoverflow
https://stackoverflow.com/questions/68852062/github-actions-cloud-hosted-runner-container-within-container?r=SearchResults,stackoverflow
https://stackoverflow.com/questions/68937402/creating-publish-profile-for-azure-sql-database/68952719?r=SearchResults#68952719,stackoverflow
https://stackoverflow.com/questions/69392512/how-to-keep-secrets-hidden-from-gcloud-project-administrator/69396329?r=SearchResults#69396329,stackoverflow
https://stackoverflow.com/questions/69597575/deploy-microservice-spring-boot-app-on-openshift-via-jenkins-pipeline/69623058?r=SearchResults#69623058,stackoverflow
https://stackoverflow.com/questions/69617241/how-to-run-second-azure-pipeline-on-the-completion-of-a-stage-on-first-pipeline/69621036?r=SearchResults#69621036,stackoverflow
https://stackoverflow.com/questions/70382405/how-to-automate-macos-os-user-interaction-tests?r=SearchResults,stackoverflow
https://stackoverflow.com/questions/70752766/what-is-the-difference-between-a-gitlab-runner-and-a-gitlab-agent/70752952?r=SearchResults#70752952,stackoverflow
https://stackoverflow.com/questions/71262365/how-to-trigger-a-downstream-pipeline-of-a-protect-branch-in-gitlab-with-keyword/73069635?r=SearchResults#73069635,stackoverflow
https://stackoverflow.com/questions/71479339/external-load-balancer-should-route-to-swarm-managers-workers-or-both/71479836?r=SearchResults#71479836,stackoverflow
https://stackoverflow.com/questions/71762683/gitlab-ci-job-should-change-source-code-poetry-dynamic-versioning/71764570?r=SearchResults#71764570,stackoverflow
https://stackoverflow.com/questions/72212001/gitlab-ci-cd-using-fastlane-an-error-occurred-while-installing-rake-13-0-6-an?r=SearchResults,stackoverflow
https://stackoverflow.com/questions/72639624/java-lang-nosuchmethoderror-no-such-dsl-method-sshagent-found-among-steps-ar?r=SearchResults,stackoverflow
https://stackoverflow.com/questions/73138085/how-to-allow-clients-to-hook-into-preconfigured-hooks-in-application/73259436?r=SearchResults#73259436,stackoverflow
https://stackoverflow.com/questions/73157849/what-is-the-aws-attribute-outputs-and-importvalue-in-cloudformation/73160963?r=SearchResults#73160963,stackoverflow
https://stackoverflow.com/questions/73276768/cloud-services-architecture-of-a-multi-tenant-spring-boot-project-deployment?r=SearchResults,stackoverflow
https://stackoverflow.com/questions/73340991/how-to-make-usr-libexec-java-home-honor-already-set-java-home-in-macos?r=SearchResults,stackoverflow
https://stackoverflow.com/questions/73804737/is-it-possible-to-configure-gitlab-coms-default-shared-runners/73820994?r=SearchResults#73820994,stackoverflow
https://stackoverflow.com/questions/74697278/update-the-image-of-azure-container-instance/74698774?r=SearchResults#74698774,stackoverflow
https://stackoverflow.com/questions/75655770/github-actions-requiring-secrets-on-a-fork-origin-pr?r=SearchResults,stackoverflow
https://stackoverflow.com/questions/76236414/devops-ispac-dacpac-deployment-to-onprem-sql-instance-with-an-windows-authentica?r=SearchResults,stackoverflow
https://stackoverflow.com/questions/77808037/how-to-make-https-requests-to-a-web-app-running-on-docker-containers-in-a-gitlab/77862003?r=SearchResults#77862003,stackoverflow
https://stackoverflow.com/questions/77824344/how-to-add-a-note-to-a-gitlab-merge-request-post-successful-merge/77827644?r=SearchResults#77827644,stackoverflow
https://stackoverflow.com/questions/77932002/best-practices-for-managing-azure-secrets-in-terraform-ci-cd-pipelines/77961282?r=SearchResults#77961282,stackoverflow
https://stackoverflow.com/questions/78286503/how-to-pull-multi-arch-docker-image-and-push-to-private-registry?r=SearchResults,stackoverflow
https://stackoverflow.com/questions/79215065/what-is-the-priority-of-environment-variables-in-eas-build-and-what-are-the-bes/79258504?r=SearchResults#79258504,stackoverflow
https://stackoverflow.com/questions/79424083/docker-error-cannot-find-module-redis-package-not-automatically-installed?r=SearchResults,stackoverflow
https://stackoverflow.com/questions/14740831/performance-testing-in-continuous-integration/61470519?r=SearchResults#61470519,stackoverflow
https://stackoverflow.com/questions/16357490/a-preferred-way-to-check-if-asp-net-web-application-is-in-debug-mode-during-runt/57523575?r=SearchResults#57523575,stackoverflow
https://stackoverflow.com/questions/38671818/how-to-deploy-with-gitlab-ci-to-ec2-using-aws-codedeploy-codepipeline-s3/38672045?r=SearchResults#38672045,stackoverflow
https://stackoverflow.com/questions/43702020/enterprise-devops-architecture-suggestions/44444773?r=SearchResults#44444773,stackoverflow
https://stackoverflow.com/questions/45910025/azure-web-app-on-linux-server-patching/58855531?r=SearchResults#58855531,stackoverflow
https://stackoverflow.com/questions/50088275/azure-function-blobtrigger-connection-from-keyvault/51657002?r=SearchResults#51657002,stackoverflow
https://stackoverflow.com/questions/50194430/restrict-access-to-gitlab-container-registry/79379055?r=SearchResults#79379055,stackoverflow
https://stackoverflow.com/questions/50236145/azure-service-principal-user-best-practice-with-terraform/50237558?r=SearchResults#50237558,stackoverflow
https://stackoverflow.com/questions/51337253/running-e2e-tests-in-a-kubernetes-cluster/51475246?r=SearchResults#51475246,stackoverflow
https://stackoverflow.com/questions/53898511/how-to-recycle-pods-in-kubernetes/53898767?r=SearchResults#53898767,stackoverflow
https://stackoverflow.com/questions/54197837/http-403-error-when-deploying-asp-net-app-to-azure-web-app?r=SearchResults,stackoverflow
https://stackoverflow.com/questions/55675943/how-to-upgrade-a-nodejs-docker-container/55680141?r=SearchResults#55680141,stackoverflow
https://stackoverflow.com/questions/56918713/what-is-the-best-way-to-use-hashicorp-vault-with-gitlab-pipelines/56919386?r=SearchResults#56919386,stackoverflow
https://stackoverflow.com/questions/59368345/how-to-create-an-s3-download-link-which-will-expire-only-after-6-days/59371066?r=SearchResults#59371066,stackoverflow
https://stackoverflow.com/questions/59553108/gitlab-runner-specific-runner-vs-shared-runner-vs-group-runner/64508789?r=SearchResults#64508789,stackoverflow
https://stackoverflow.com/questions/60104752/how-can-i-automate-the-creation-of-a-firebase-firestore-database-for-a-given-pro/62553204?r=SearchResults#62553204,stackoverflow
https://stackoverflow.com/questions/60186172/inject-secret-to-docker-image-via-azure-pipeline/60204040?r=SearchResults#60204040,stackoverflow
https://stackoverflow.com/questions/60597941/what-is-the-purpose-of-the-service-account-referenced-by-a-pod/73443883?r=SearchResults#73443883,stackoverflow
https://stackoverflow.com/questions/61096521/how-to-use-gpg-key-in-github-actions/79616270?r=SearchResults#79616270,stackoverflow
https://stackoverflow.com/questions/61340305/trigger-gitlab-ci-from-aws-lambda/61349465?r=SearchResults#61349465,stackoverflow
https://stackoverflow.com/questions/61432682/using-google-pub-sub-java-client-library-without-adding-the-google-application-c/61440205?r=SearchResults#61440205,stackoverflow
https://stackoverflow.com/questions/61826351/adding-container-scanning-to-ci-in-gitlab/72341414?r=SearchResults#72341414,stackoverflow
https://stackoverflow.com/questions/62532388/how-would-you-restart-an-azure-function-when-the-content-of-the-website-run-from/62754193?r=SearchResults#62754193,stackoverflow
https://stackoverflow.com/questions/63744475/what-are-downsides-to-remaining-on-loopback-3/63750788?r=SearchResults#63750788,stackoverflow
https://stackoverflow.com/questions/63956797/architecting-back-end-and-front-end-solution-nodejs/63962296?r=SearchResults#63962296,stackoverflow
https://stackoverflow.com/questions/64855832/azure-devops-permission-service-connection-to-specific-release-pipeline/64870150?r=SearchResults#64870150,stackoverflow
https://stackoverflow.com/questions/67068710/how-to-create-a-static-website-generator-in-react/67103961?r=SearchResults#67103961,stackoverflow
https://stackoverflow.com/questions/67388923/how-to-secure-the-environment-repo-in-a-gitops-setup/67389218?r=SearchResults#67389218,stackoverflow
https://stackoverflow.com/questions/67426125/how-to-stop-terraform-being-misused/67443156?r=SearchResults#67443156,stackoverflow
https://stackoverflow.com/questions/69015922/aws-control-tower-guardrail-prevents-s3-bucket-being-created-with-encryption/69019945?r=SearchResults#69019945,stackoverflow
https://stackoverflow.com/questions/69045140/how-to-pass-values-to-gitlab-pipeline-variable-sourced-from-a-file/69048583?r=SearchResults#69048583,stackoverflow
https://stackoverflow.com/questions/69507324/gitlab-ci-cd-auto-tagging-release/79399525?r=SearchResults#79399525,stackoverflow
https://stackoverflow.com/questions/69903456/does-gitlab-provide-a-way-to-check-the-push-options-associated-with-a-pipeline/69910118?r=SearchResults#69910118,stackoverflow
https://stackoverflow.com/questions/69984148/how-to-restrict-gitlab-variables-in-a-group-to-be-accessible-from-other-allowed/69985249?r=SearchResults#69985249,stackoverflow
https://stackoverflow.com/questions/70738417/gitlab-ci-cd-pytests/70740189?r=SearchResults#70740189,stackoverflow
https://stackoverflow.com/questions/72345721/gitlab-cache-key-files-file-does-not-exist/74348338?r=SearchResults#74348338,stackoverflow
https://stackoverflow.com/questions/73249547/can-the-api-key-be-monitored-on-network-traffic/73251257?r=SearchResults#73251257,stackoverflow
https://stackoverflow.com/questions/75485289/how-to-periodically-update-the-dependencies-in-a-production-python-environment/75485703?r=SearchResults#75485703,stackoverflow
https://stackoverflow.com/questions/75737220/how-to-deploy-net-6-application-to-server-from-gitlab?r=SearchResults,stackoverflow
https://stackoverflow.com/questions/76950219/how-can-i-upload-nodejs-api-on-aws/76950458?r=SearchResults#76950458,stackoverflow
https://stackoverflow.com/questions/78026032/how-to-dynamically-populate-a-selection-box-in-jenkins-with-json-files-from-bitb/78052484?r=SearchResults#78052484,stackoverflow
https://stackoverflow.com/questions/78180002/apple-app-development-code-signing-complexities/78794576?r=SearchResults#78794576,stackoverflow
https://stackoverflow.com/questions/78762932/amazon-inspector-not-detecting-code-vulnerability-with-transpiled-typescript-fil/78763022?r=SearchResults#78763022,stackoverflow
https://stackoverflow.com/questions/78790089/how-can-i-invoke-azure-trusted-signing-from-a-linux-os?r=SearchResults,stackoverflow
https://stackoverflow.com/questions/78986233/how-should-secrets-be-securely-stored-in-python-variables-so-that-they-cant-be/78987457?r=SearchResults#78987457,stackoverflow
https://stackoverflow.com/questions/79367109/shift-lambda-infrastructure-to-ecs/79367199?r=SearchResults#79367199,stackoverflow
https://stackoverflow.com/questions/79554337/gitlab-ci-runner-with-docker-executor-fails-docker-dind-services-health-check?r=SearchResults,stackoverflow
https://stackoverflow.com/questions/79617754/adf-triggers-start-stop/79619171?r=SearchResults#79619171,stackoverflow
https://stackoverflow.com/questions/79720915/install4j-v8-pkcs11-code-signing-with-google-cloud-kms-libkmsp11-so-certifi/79724915?r=SearchResults#79724915,stackoverflow
https://stackoverflow.com/questions/56821431/unable-to-access-the-jenkins-on-localhost-jenkins?r=SearchResults,stackoverflow
https://stackoverflow.com/questions/66062422/jenkins-helm-chart-not-updating-plugins?r=SearchResults,stackoverflow
https://stackoverflow.com/questions/67011315/unable-to-build-docker-images-through-jenkins-installed-on-kubernetes?r=SearchResults,stackoverflow
https://stackoverflow.com/questions/79737393/how-to-create-an-array-of-array-of-strings-of-varying-lengths-in-c,stackoverflow
https://stackoverflow.com/questions/14740831/performance-testing-in-continuous-integration/31639163?r=SearchResults#31639163,stackoverflow
https://stackoverflow.com/questions/27425852/what-uses-respects-the-node-version-file/62978089?r=SearchResults#62978089,stackoverflow
https://stackoverflow.com/questions/28608015/continuous-integration-vs-continuous-delivery-vs-continuous-deployment/56608546?r=SearchResults#56608546,stackoverflow
https://stackoverflow.com/questions/39750974/configure-nginx-to-run-subsites/39751627?r=SearchResults#39751627,stackoverflow
https://stackoverflow.com/questions/42295457/using-docker-compose-in-a-gitlab-ci-pipeline?r=SearchResults,stackoverflow
https://stackoverflow.com/questions/48327164/implementing-soa-with-restful-service-and-application-apis/48403178?r=SearchResults#48403178,stackoverflow
https://stackoverflow.com/questions/65430926/how-can-i-implement-docker-outside-of-docker-setup-for-jenkins-using-docker-desk?r=SearchResults,stackoverflow
https://stackoverflow.com/questions/66025951/execute-deploy-sql-script-to-sql-server-through-devops-what-are-possible-option?r=SearchResults,stackoverflow
https://stackoverflow.com/questions/67983075/performance-issue-with-aws-fargate?r=SearchResults,stackoverflow
https://stackoverflow.com/questions/68889504/how-do-i-connect-a-java-apm-aget-to-a-apm-server-when-the-java-apm-agent-is-runn?r=SearchResults,stackoverflow
https://stackoverflow.com/questions/69525251/gitlab-project-500-whoops-something-went-wrong-on-our-end?r=SearchResults,stackoverflow
https://stackoverflow.com/questions/73693783/flatten-complex-nested-json-structure-in-pyspark?r=SearchResults,stackoverflow
https://stackoverflow.com/questions/75362305/i-get-an-error-when-i-host-my-discord-py-bot-on-replit?r=SearchResults,stackoverflow
