Link,country,httpcode
"https://altersquare.medium.com/ensuring-code-quality-in-outsourced-development-7-must-have-qa-practices-80d14a2d9ba9#:~:text=Measuring Success Test Coverage: Ensures all critical,than 5 minutes) to maintain development momentum.",brazil,200.0
"https://axify.io/blog/ci-cd-metrics-devops#:~:text=Your metrics are a powerful tool for,in test coverage or outdated test scripts.",brazil,200.0
"https://blog.codacy.com/application-security-metrics#:~:text=Compliance and Standards: Are we meeting industry,practices align with regulatory and industry benchmarks.",brazil,200.0
https://blog.codacy.com/ci/cd-pipeline-security-best-practices,brazil,200.0
https://blog.devops.dev/securing-your-codebase-with-github-actions-sast-secrets-scanning-and-more-5456ab3e9ebb#:~:text=3⃣ Dependency Scanning Scan third-party dependencies for known vulnerabilities.,brazil,200.0
"https://bobcares.com/blog/devops-dora-metrics/#:~:text=Deployment frequency is the average number of,development team and their level of automation.",brazil,200.0
"https://contextqa.com/useful-resource/app-security-vulnerabilty-management/#:~:text=Benefits of vulnerability management Proactive approach to,Reduced risk of breaches and data loss:",brazil,200.0
https://cycode.com/blog/ci-cd-pipeline-security-best-practices/,brazil,200.0
"https://cyesec.com/blog/threat-exposure-metrics#:~:text=Vulnerability density is a CTEM metric that,complexity and interconnected systems and associated components.",brazil,200.0
"https://daily.dev/blog/ultimate-guide-to-cicd-monitoring-metrics#:~:text=Key Takeaways Monitoring CI/CD pipelines effectively means,are the most important areas to monitor:",brazil,200.0
"https://devcenter.heroku.com/articles/probely#:~:text=The severity trend shows the change in,to fixing the remaining vulnerabilities from there.",brazil,200.0
https://devops.com/securing-the-devops-pipeline-tools-and-best-practices/,brazil,200.0
"https://entleaf.com/devsecops/#:~:text=Proactive identification and mitigation of vulnerabilities significantly,risk of security breaches and data loss.",brazil,200.0
"https://hackernoon.com/bon-appetit-an-introduction-to-cicd-and-devsecops-with-a-delicious-bakery-story#:~:text=DevSecOps integrates security practices into the CI/CD,and provide actionable recommendations to enhance security.",brazil,200.0
https://konghq.com/blog/learning-center/what-is-api-security#:~:text=Feedback Loops: Create efficient mechanisms for reporting and addressing security issues.,brazil,200.0
"https://mandrytechnology.com/cybersecurity-performance-metrics/#:~:text=Look at trends in your vulnerability numbers,whether your security is improving or worsening.",brazil,200.0
"https://medium.com/@algoshackt/key-performance-indicators-kpis-for-effective-automation-testing-5786491bb72e#:~:text=2. Test Execution Time: This KPI measures,delivery of software in a DevOps environment.",brazil,200.0
https://medium.com/beyond-the-code-by-typo/comprehensive-guide-to-best-practice-kpi-setting-for-software-development-09c68025b7f8,brazil,200.0
https://medium.com/@rizqimulkisrc/ci-cd-pipeline-security-devsecops-best-practices-for-2025-6cc1946f3f13,brazil,200.0
"https://phoenix.security/nvd-backlog-burndown/#:~:text=The Importance of Timely Vulnerability Management: Prioritization:,vendors to address broader classes of vulnerabilities.",brazil,200.0
"https://seemplicity.io/remops-glossary/devsecops/#:~:text=DevSecOps %2C CI/CD pipelines are enhanced with,delivery while maintaining a strong security posture.",brazil,200.0
https://snyk.io/platform/ci-cd-pipeline-security/,brazil,200.0
"https://spectralops.io/blog/top-10-ci-cd-security-tools/#:~:text=CI/CD (Continuous Integration/Continuous Deployment) security tools are,is to shift security left in the",brazil,200.0
"https://strobes.co/blog/integrating-penetration-testing-as-a-service-ptaas-with-ci-cd-pipelines-a-practical-guide/#:~:text=Metrics Tracking: Detailed metrics help assess the,security measures and identify areas for improvement.",brazil,200.0
"https://strobes.co/blog/integrating-penetration-testing-as-a-service-ptaas-with-ci-cd-pipelines-a-practical-guide/#:~:text=Vulnerability Severity: Assessing how critical each vulnerability,on its potential impact on the system.",brazil,200.0
"https://support.fortanix.com/docs/using-fortanix-data-security-manager-for-secrets-injection-in-kubernetes#:~:text=Every day%2C teams come to rely on,cannot be hardcoded or configured statically anymore.",brazil,200.0
"https://thectoclub.com/tools/best-ci-cd-tools/#:~:text=Enhanced Security: Integrating security tools into the,to security strengthens the software's security posture.",brazil,200.0
"https://validato.io/how-do-organizations-track-improvements-in-security-posture-over-time/#:~:text=Organizations track security posture improvements through a,tools%2C and regular assessments against established frameworks.",brazil,200.0
"https://www.agileanalytics.cloud/blog/the-roi-of-devex-proving-the-business-case-for-developer-happiness#:~:text=Teams use deployment frequency to measure how,need to%2C often several times each day.",brazil,200.0
https://www.aikido.dev/features/ci-cd-pipeline-security,brazil,200.0
https://www.appknox.com/blog/cicd-pipeline-security-for-mobile-apps,brazil,200.0
"https://www.appsecengineer.com/blog/the-only-guide-youll-need-to-build-your-own-devsecops-trained-team#:~:text=Defining Roles and Responsibilities Security Champions are,automating security checks throughout the development process.",brazil,200.0
"https://www.appvia.io/blog/building-confidence-automated-testing#:~:text=Test execution time: The time it takes,optimize your test suites for better efficiency.",brazil,200.0
"https://www.balbix.com/blog/balbixs-role-based-dashboards-reduce-risk-at-high-velocity/#:~:text=To measure the average duration that vulnerabilities,age (MOVA)%2C as in the chart below.",brazil,200.0
"https://www.balbix.com/blog/the-top-11-metrics-for-successful-vulnerability-management/#:~:text=Vulnerability Severity Levels: Monitoring the severity classification,prioritized remediation efforts based on potential impact.",brazil,200.0
https://www.browserstack.com/guide/difference-between-continuous-integration-and-continuous-delivery,brazil,200.0
"https://www.browserstack.com/guide/difference-between-continuous-integration-and-continuous-delivery#:~:text=Continuous Delivery (CD) automates the,ensure the code integrates smoothly.",brazil,200.0
https://www.bunnyshell.com/blog/what-is-ci-cd-ct-devops/,brazil,200.0
"https://www.codeant.ai/blogs/security-vulnerability-scanning-tools#:~:text=They ( Tools ) help define metrics,track improvements in security posture over time.",brazil,200.0
https://www.crowdstrike.com/en-us/cybersecurity-101/cloud-security/continuous-integration-continuous-delivery-ci-cd/,brazil,200.0
"https://www.datadoghq.com/blog/key-security-metrics/#:~:text=The mean time to resolve (MTTR) metric,to reassess your team's incident response plan.",brazil,200.0
"https://www.docker.com/blog/how-to-measure-devsecops-success-key-metrics-explained/#:~:text=This metric tracks the volume of security,security gaps are being remediated or mitigated.",brazil,200.0
"https://www.e-spincorp.com/solutions/threat-risk-and-vulnerability-management/#:~:text=Vulnerability Trends: We track and report on,exposure over time%2C highlighting areas for improvement.",brazil,200.0
"https://www.fortinet.com/resources/cyberglossary/ci-cd#:~:text=CI/CD (Continuous Integration/,deployment phases of application development.",brazil,200.0
"https://www.helpnetsecurity.com/2024/07/24/karthik-swarnam-armorcode-cybersecurity-roi/#:~:text=Metrics-based approach: Use specific%2C quantifiable metrics to,response costs%2C and improvements in compliance rates.",brazil,200.0
"https://www.infoq.com/articles/ci-cd-observability/#:~:text=Metrics That Can Be Measured through Your,tests that pass during the build process.",brazil,200.0
"https://www.jetbrains.com/teamcity/ci-cd-guide/devops-ci-cd-metrics/#:~:text=Build duration or build time measures the,get test results or deploy to production.",brazil,200.0
"https://www.jit.io/resources/devsecops/implementing-a-complete-devsecops-toolchain-with-open-source#:~:text=Secrets detection tools scan code repositories for,prevent unauthorized access and potential data breaches.",brazil,200.0
https://www.legitsecurity.com/aspm-knowledge-base/what-is-cicd-security,brazil,200.0
"https://www.linkedin.com/advice/1/what-some-best-practices-setting-up-maintaining#:~:text=Define and regularly track key metrics like,for maximum productivity and faster delivery cycles.",brazil,200.0
"https://www.linkedin.com/pulse/securing-pipeline-key-metrics-evaluating-devops-security-vinyl-s-lnbuc#:~:text=Security Awareness Training Completion Rate: This metric,overall security knowledge base within the team.",brazil,200.0
"https://www.linkedin.com/pulse/securing-pipeline-key-metrics-evaluating-devops-security-vinyl-s-lnbuc#:~:text=While the DevOps threat matrix provides a,Tracking these metrics allows security teams to:",brazil,200.0
"https://www.linkedin.com/pulse/security-metrics-cyber-risk-indicators-constitute-saheed-oyedele-mg7qe#:~:text=It measures the time between when a,vulnerability. It is like the Vulnerability Age.",brazil,200.0
"https://www.linkedin.com/pulse/why-security-often-breaks-cicd-how-fix-ankush-madaan-tk13c#:~:text=1. Hardcoded Secrets A major security pitfall,the pipeline configuration files or source code.",brazil,200.0
"https://www.mindbowser.com/devsecops-metrics/#:~:text=The metric measures the percentage of employees,compliance and engagement with security training initiatives.",brazil,200.0
"https://www.mindbowser.com/devsecops-metrics/#:~:text=The metrics help in proactively identifying security,can be discovered quicker%2C reducing security incidents.",brazil,200.0
"https://www.numberanalytics.com/blog/security-metrics-in-software-development#:~:text=Integrating Security Metrics into Agile and DevOps,and reporting tools to monitor security posture",brazil,200.0
"https://www.numberanalytics.com/blog/security-metrics-in-software-development#:~:text=Vulnerability Metrics Vulnerability density: Measures the number,vulnerabilities using metrics such as CVSS scores",brazil,200.0
https://www.paloaltonetworks.ca/cyberpedia/what-is-ci-cd-security,brazil,200.0
https://www.paloaltonetworks.com/cyberpedia/what-is-ci-cd-security,brazil,200.0
https://www.practical-devsecops.com/devsecops-metrics/#Key_DevSecOps_Metrics,brazil,200.0
https://www.practical-devsecops.com/devsecops-metrics/#Real-World_Case_Studies_DevSecOps_Metrics_in_Action,brazil,200.0
https://www.practical-devsecops.com/devsecops-metrics/?srsltid=AfmBOop5sopnWwo7M578MQILmU0KQ4Du6hfVOdG1EmPINwMBLuf_PTDY,brazil,200.0
https://www.practical-devsecops.com/devsecops-metrics/#The_Role_of_Automation_in_DevSecOps_Metrics,brazil,200.0
"https://www.pynt.io/learning-hub/devsecops/devsecops-principles-tools-and-best-practices-2025-guide#:~:text=This involves conducting security checks and vulnerability,cost and effort associated with late-stage remediation.",brazil,200.0
"https://www.reco.ai/learn/cybersecurity-performance-management#:~:text=By tracking key metrics such as detection,security posture and identify areas for enhancement.",brazil,200.0
https://www.redhat.com/en/topics/devops/what-is-ci-cd,brazil,200.0
"https://www.redhat.com/en/topics/devops/what-is-ci-cd#:~:text=CI/CD%2C which stands for,a shared source code repository.",brazil,200.0
https://www.scribd.com/document/461065223/Continuous-Integration,brazil,200.0
"https://www.sentinelone.com/cybersecurity-101/cloud-security/cloud-security-scanner/#:~:text=For that%2C this feature has significantly reduced,assessments and provided comprehensive insight into remediation.",brazil,200.0
https://www.techtarget.com/searchitoperations/tip/9-ways-to-infuse-security-in-your-CI-CD-pipeline,brazil,200.0
"https://www.truscova.com/blog_article_23.php#:~:text=One popular form of this is ""code,and enhance these measures in several ways:",brazil,200.0
https://xygeni.io/cicd-security/,brazil,200.0
https://blogs.cisco.com/security/pipeline-security-tunnel-vision,brazil,200.0
https://checkmarx.com/glossary/what-is-cicd-security/,brazil,200.0
https://runsafesecurity.com/use-cases/ci-cd-security/,brazil,200.0
https://www.barriernetworks.com/barrier-devsecops,brazil,200.0
https://www.enginelabs.ai/blog/essential-cicd-pipeline-security-checklist-for-github-actions,brazil,200.0
https://www.harness.io/blog/ci-cd-security-an-overview,brazil,200.0
https://www.progress.com/resources/papers/progress-datadirect-hybrid-data-pipeline-security-statement,brazil,200.0
https://www.reversinglabs.com/glossary/build-pipeline-security,brazil,200.0
https://www.upguard.com/blog/tsa-pipeline-security-guidelines,brazil,200.0
https://collabnix.com/how-sast-enhances-devops-pipeline-security/,brazil,200.0
https://cyberwolfe.com/cicd-pipeline-security/,brazil,200.0
https://devtron.ai/blog/integrating-security-scanning-into-ci-cd-pipeline/,brazil,200.0
https://patentscope2.wipo.int/search/ru/detail.jsf;jsessionid=4089A3305282A80FD06AFD6DDE893556?docId=WO2024259645&_gid=202452,brazil,200.0
https://soos.io/devops-pipeline-security,brazil,200.0
https://www.globalsign.com/en/blog/digital-certificates-devops-security-cicd-pipelines,brazil,200.0
https://www.trolleyesecurity.com/services/devsecops/pipeline-security-ci-cd-integration/,brazil,200.0
https://anchore.com/cicd/,brazil,200.0
https://nephosec.com/cicd-pipeline-security/,brazil,200.0
https://openssf.org/blog/2025/08/05/visualizing-secure-mlops-mlsecops-a-practical-guide-for-building-robust-ai-ml-pipeline-security/,brazil,200.0
https://reactree.com/ci-cd-pipeline-security-best-practices-protect-your-devops-from-attacks/,brazil,200.0
https://www.aristiun.com/application-security-posture-management-supply-chain-security-cicd-pipeline-security,brazil,200.0
https://www.cyberdb.co/devops-security-metrics-and-kpis-a-comprehensive-guide/,brazil,200.0
https://www.devopsinstitute.com/wp-content/uploads/2021/08/DSO-21-RaviLachhman-SlideDeck.pdf,brazil,200.0
https://www.ict.inaf.it/gitlab/help/user/application_security/vulnerability_report/pipeline.md,brazil,200.0
https://www.keitaro.com/insights/2022/05/13/5-best-practices-to-ensure-a-ci-cd-pipelines-security/,brazil,200.0
https://apiiro.com/product/sscs/,brazil,200.0
https://arxiv.org/abs/2503.22612,brazil,200.0
https://hetmehta.com/resources/DevSecOps-Checklist/,brazil,200.0
https://microfluidics.utoronto.ca/gitlab/help/user/application_security/vulnerability_report/pipeline.md,brazil,200.0
https://spectralops.io/for-jenkins/,brazil,200.0
https://sprocketfox.io/xssfox/2021/02/18/pipeline/,brazil,200.0
https://squareops.com/knowledge/ci-cd-security-best-practices-for-devsecops-teams/,brazil,200.0
https://testriq.com/blog/tag/pipeline-security,brazil,200.0
https://www.stepsecurity.io/azure-security,brazil,200.0
https://www.swiftorial.com/tutorials/security/vulnerabilities/devsecops/ci_cd_pipeline_security,brazil,200.0
https://carijournals.org/journals/index.php/IJCE/article/view/3047?srsltid=AfmBOoozRDqZM-NAhaVs-NWAKkYllMsbmFe8KLiEFaUL1djjHjQ6p92p,brazil,200.0
https://docs.bmc.com/xwiki/bin/view/Mainframe/DevX/BMC-AMI-DevX-Code-Pipeline/bcispw2201/Installing/Installation-roadmap/Purpose-of-the-roadmap/Code-Pipeline-Security/,brazil,200.0
https://hub.dragos.com/whitepaper-tsa-pipe-line-security-directives,brazil,200.0
https://learn.microsoft.com/en-us/azure/devops/organizations/security/about-security-roles?view=azure-devops,brazil,200.0
https://palantir.com/docs/foundry/building-pipelines/security-overview//,brazil,200.0
https://www.deepfactor.io/glossary/ci-cd-security/,brazil,200.0
https://www.fortinet.com/uk/resources/cyberglossary/ci-cd-pipeline,brazil,200.0
https://www.gologic.ca/en/category/ci-cd-or-integration-and-continuous-deployment/,brazil,200.0
https://www.myshyft.com/blog/security-metrics-for-deployment/,brazil,200.0
https://www.scribd.com/document/742594335/1701799484-Ci-CD-Pipeline-Security-Best-Practices,brazil,200.0
https://aspiainfotech.com/2024/09/11/ci-cd-pipeline-security/,brazil,200.0
https://bluegoatcyber.com/blog/ci-cd-pipelines-enhancing-security-in-devops/,brazil,200.0
https://offensive360.com/jenkins-pipeline-security/,brazil,200.0
https://open.spotify.com/episode/7GDoGehV6XqBMkgFizidye,brazil,200.0
https://www.asperitas.consulting/article-cicd-pineline-security-20241111.html,brazil,200.0
https://www.law.cornell.edu/uscode/text/6/1208,brazil,200.0
https://www.tsa.gov/travel/frequently-asked-questions/pipeline-security-guidelines,brazil,200.0
https://blog.gitguardian.com/pipeline-integrity-and-security-in-devsecops/,brazil,200.0
https://coralogix.com/blog/ci-cd-security/,brazil,200.0
https://docs.jit.io/docs/cicd-pipeline-security,brazil,200.0
https://inventive-it.com/resources/practices-for-adding-ci-cd-pipeline-security/,brazil,200.0
https://mobizinc.com/resources/devsecops-principles-and-concepts-for-automation/,brazil,200.0
https://tantosec.com/blog/build-pipeline-security-assessment/,brazil,200.0
https://waratek.com/blog/cicd-security/,brazil,200.0
https://www.mercadolivre.com.br/water-pipeline-security-device-wireless-remote-electric/p/MLB2009901018,brazil,200.0
https://www.strongdm.com/blog/ci-cd-security-and-ci-cd-pipeline,brazil,200.0
https://www.wiz.io/lp/ci-cd-security-best-practices-cheat-sheet,brazil,200.0
https://amzur.com/blog/ci-cd-pipeline-security-with-dockers/,brazil,200.0
https://blog.jetbrains.com/teamcity/2025/04/ci-cd-security-best-practices/,brazil,200.0
https://circleci.com/,brazil,200.0
https://isosecu.com/blog/cicd-pipeline-security,brazil,200.0
https://linfordco.com/blog/ci-cd-pipeline-security-controls/,brazil,200.0
https://reliasoftware.com/blog/5-best-practices-for-enhancing-ci-cd-pipeline-security,brazil,200.0
https://spectralops.io/blog/ci-cd-security-hardening/,brazil,200.0
https://www.aerowave-tech.com/images/CICD_Pipeline_Security_Best_Practices.pdf,brazil,200.0
https://www.aquasec.com/use-cases/devops-security/,brazil,200.0
https://www.cisco.com/c/en/us/td/docs/solutions/Verticals/Oil_and_Gas/Pipeline/SecurityReference/Security-IRD.html,brazil,200.0
https://www.infosectrain.com/blog/ci-cd-pipeline-security-in-devsecops/,brazil,200.0
https://www.practical-devsecops.com/devsecops-metrics/?srsltid=AfmBOordloDWTlbLUBNvdO_F9Mri5ba6Dlx7_5_N7h1pK_3e42uxbeWv,brazil,200.0
https://zeet.co/blog/ci-cd-security,brazil,200.0
https://accuknox.com/solutions/cicd-security,brazil,200.0
https://ciphersecurity.io/services/devsecops,brazil,200.0
https://www.akeyless.io/blog/aligning-ci-cd-pipeline-security-with-nsa-cisa-guidance/,brazil,200.0
https://www.cloudbees.com/blog/top-devsecops-tools,brazil,200.0
https://www.hayrok.com/post/uncovering-the-secrets-of-devsecops-success-a-deep-dive-into-cloud-native-security-metrics-and-kpis,brazil,200.0
https://www.redhat.com/en/topics/devops/what-cicd-pipeline,brazil,200.0
https://www.stepsecurity.io/blog/stepsecuritys-alignment-with-cisas-ci-cd-security-guidance,brazil,200.0
https://codefresh.io/learn/ci-cd/ci-cd-security-7-risks-and-what-you-can-do-about-them/,brazil,200.0
https://distantjob.com/blog/devsecops-implementation/,brazil,200.0
"https://forumalternance.cergypontoise.fr/11497279/auniteg/ygotos/ppourw/Measures+and+Metrics+in+Corporate+Security,+Second+Edition.pdf",brazil,200.0
https://snyk.io/articles/what-is-ci-cd-pipeline-and-tools-explained/continuous-security/,brazil,200.0
https://spb.hse.ru/en/ba/log/students/diplomas/1046843847,brazil,200.0
https://www.cyberark.com/what-is/ci-cd-pipeline/,brazil,200.0
https://www.e-spincorp.com/tag/pipeline-security/,brazil,200.0
https://www.gologic.ca/en/continuous-integration-security/,brazil,200.0
https://www.growingscrummasters.com/keywords/security-metrics/,brazil,200.0
https://dev.to/rafalw3bcraft/devsecops-pipeline-security-automation-and-continuous-monitoring-4d14,brazil,200.0
https://docs.convisoappsec.com/cli/security-gate,brazil,200.0
https://docs.gitlab.com/ci/pipeline_security/,brazil,200.0
https://sherlockedsecurity.com/ci-cd-pipeline-security-build-test-deploy/,brazil,200.0
https://www.practical-devsecops.com/what-is-devsecops-pipelines/?srsltid=AfmBOoqQqbIh_Csbt3P834wDRN2tw2gwLesSAa7vW6ewEJDN9DA6Vlo3,brazil,200.0
https://www.wiz.io/academy/ci-cd-security-best-practices,brazil,200.0
https://xygeni.io/pt/blog/how-to-protect-the-pipeline-security-of-your-devops/,brazil,200.0
https://blog.infosecmatters.net/2021/10/cicd-pipeline-security-shifting-left.html,brazil,200.0
https://industrialcyber.co/mining-oil-gas/tsa-revises-information-collection-for-pipeline-security-reviews-security-directives-under-omb-assessment/,brazil,200.0
https://solutionshub.epam.com/blog/post/ci_cd_security,brazil,200.0
https://www.globalsign.com/en/blog/devops-pipeline-security-automate-acme,brazil,200.0
https://www.learningtree.com/courses/azure-devops-pipeline-security/,brazil,200.0
https://www.mindbowser.com/devsecops-metrics/,brazil,200.0
https://www.willistonherald.com/news/state/north-dakota-supreme-court-hears-arguments-in-pipeline-security-license-case/article_cf556674-7680-11e9-bad4-8fd02c331ad4.html,brazil,200.0
https://citizant.com/blog/devsecops/5-security-considerations-cicd-pipeline/,brazil,200.0
https://cloudsecurityalliance.org/blog/2022/04/20/security-performance-reporting,brazil,200.0
https://mattermost.com/blog/ci-cd-pipeline-security/,brazil,200.0
https://owasp.org/,brazil,200.0
https://www.e-spincorp.com/pipeline-security-devsecops-pipeline/,brazil,200.0
https://www.f5.com/company/blog/container-security-basics-pipeline-security,brazil,200.0
https://www.ibm.com/software/reports/compatibility/clarity-reports/report/html/softwareReqsForProduct?deliverableId=CF0C527046E011E8ADCBA344DE8FB657,brazil,200.0
https://www.stackhawk.com/blog/ci-pipeline-security-bug-testing/,brazil,200.0
https://aws.amazon.com/marketplace/reviews/reviews-list/prodview-ljsrjvcsk72ki/review/8ed3a731-7488-3980-8c98-616172294b47,brazil,200.0
https://aws.amazon.com/marketplace/reviews/reviews-list/prodview-ljsrjvcsk72ki/review/19df358e-78bd-372a-a945-118e38e34a6a,brazil,200.0
https://immunefi.com/,brazil,200.0
https://vercel.com/pricing,brazil,200.0
https://www.codecademy.com/catalog/subject/cybersecurity,brazil,200.0
https://wwwmatthes.in.tum.de/file/1h520imhelkkn/Sebis-Public-Website/-/Master-s-Thesis-Timo-Zandonella/Kickoff_Presentation_Master_Thesis_Timo_Zandonella.pdf,brazil,200.0
https://careers.cathaypacific.com/en/careers/jobs/hong-kong/solution-lead-regions-rpa-idp-27432,brazil,200.0
https://galileo.ai/,brazil,200.0
https://tryhackme.com/paths,brazil,200.0
https://www.cloudflare.com/plans/developer-platform/,brazil,200.0
https://www.helpnetsecurity.com/2025/08/12/cybersecurity-jobs-available-right-now-august-12-2025/,brazil,200.0
https://careers.wbd.com/global/en/job/R000096437/Senior-Software-Engineer-in-Test,brazil,200.0
https://en.wikipedia.org/wiki/Asari_Dokubo,brazil,200.0
https://lunainc.com/,brazil,200.0
https://thenewstack.io/experts-split-on-ai-reviewing-its-own-code-for-security/,brazil,200.0
https://www.crowdstrike.com/en-us/cybersecurity-101/cloud-security/cloud-security-best-practices/,brazil,200.0
https://www.dataquest.io/blog/advanced-concepts-in-docker-compose/,brazil,200.0
https://www.dice.com/job-detail/e15c566f-6e23-47b7-af6f-d860f169582a,brazil,200.0
https://www.wg-plc.com/,brazil,200.0
https://careers.cathaypacific.com/en/careers/jobs/china/solution-lead-27770,brazil,200.0
https://developer.android.com/studio/intro,brazil,200.0
https://github.com/spring-projects/spring-boot,brazil,200.0
https://jobs.thediplomat.com/job/161479/lead-member-of-technical-staff/,brazil,200.0
https://justjoin.it/job-offer/madiff-sp-z-o-o---net-developer-warszawa-net-e31f8a3b,brazil,200.0
https://levelup.gitconnected.com/writing-code-for-team-projects-conventions-prs-and-reviews-that-work-48cda080bac9?source=rss----5517fd7b58a6---4,brazil,200.0
https://www.freecodecamp.org/news/the-clean-code-handbook/,brazil,200.0
https://www.palantir.net/blog/reactive-repairs-continuous-improvement-modern-operations-and-maintenance-enterprise-drupal,brazil,200.0
https://discoveryalert.com.au/news/global-oil-trade-dynamics-2025-us-nigeria/,brazil,200.0
https://itwire.com/itwire-magazine/tag/Application+delivery.html,brazil,200.0
https://moemaka.net/eng/2025/08/myanmar-military-news-updates-aug-12-2025-evening/,brazil,200.0
https://www.ainvest.com/news/reinstating-sanctions-iran-geopolitical-risks-opportunities-energy-defense-markets-2508/,brazil,200.0
https://www.coursera.org/professional-certificates/data-engineering,brazil,200.0
https://businessamlive.com/nigerias-daily-oil-production-plunges-to-1-57m-barrels/,brazil,200.0
https://championnews.com.ng/2025/08/11/2027-adc-accuses-efcc-of-going-after-opposition-party-members-rather-than-fight-corruption/,brazil,200.0
https://content.techgig.com/career-advice/ai-vs-human-developers-the-future-of-coding-and-job-security/articleshow/123279398.cms,brazil,200.0
https://noise.getoto.net/author/danilo-poccia/,brazil,200.0
https://thevaultznews.com/2025/08/12/nigerias-top-indigenous-oil-producers/,brazil,200.0
https://www.geeksforgeeks.org/software-testing/what-is-an-api/,brazil,200.0
https://www.parallels.com/products/desktop/?srsltid=AfmBOopCDnNayPKfJa78I6TrUjjv0AW2AhxeLGyUhSA4KcsXSMeQLUjz,brazil,200.0
https://itwire.com/business-it-news/business-software/changing-of-the-guard-at-github-signals-a-new-microsoft-ai-focus-for-the-world-s-home-of-open-source-software.html,brazil,200.0
https://nationaldailyng.com/reforms-rift-rising-tensions-define-ojularis-first-100-days-at-nnpcl/,brazil,200.0
https://www.tiktok.com/discover/why-did-the-swedish-rhapsody-stop-operating,brazil,200.0
https://apiiro.com/blog/ci-cd-pipeline-security-best-practices-for-your-software/,brazil,200.0
https://cycode.com/pipeline-security/,brazil,200.0
https://medium.com/@taufiqpsumarna/devsecops-securing-gitlab-ci-cd-pipeline-7f4d38d70dd3,brazil,200.0
https://sysdig.com/learn-cloud-native/what-is-ci-cd-security/,brazil,200.0
https://www.aquasec.com/cloud-native-academy/supply-chain-security/ci-cd-security-threats-tools-and-best-practices/,brazil,200.0
https://www.checkpoint.com/cyber-hub/cloud-security/devsecops/what-is-a-devsecops-pipeline/,brazil,200.0
https://www.sentinelone.com/cybersecurity-101/cloud-security/ci-cd-security-tools/,brazil,200.0
https://www.tsa.gov/sites/default/files/pipeline_security_guidelines.pdf,brazil,200.0
https://devops.com/devops-security-metrics/,brazil,200.0
https://devops.isc.heia-fr.ch/lecture/devsecops/devsecops6/,brazil,200.0
https://docs.gitlab.com/user/application_security/vulnerability_report/pipeline/,brazil,200.0
https://learn.microsoft.com/en-us/azure/devops/pipelines/policies/permissions?view=azure-devops,brazil,200.0
https://spacelift.io/blog/ci-cd-security,brazil,200.0
https://thectoclub.com/news/ci-cd-pipeline-security-best-practices/,brazil,200.0
https://www.armosec.io/securing-ci-cd-pipelines/,brazil,200.0
https://www.beyondidentity.com/resource/3-ci-cd-pipeline-security-best-practices,brazil,200.0
https://www.fortinet.com/blog/business-and-technology/ensuring-continuous-security-integration-for-devsecops,brazil,200.0
https://contextqa.com/ci-cd-pipeline-security-guide/,brazil,200.0
https://faun.pub/cloud-ci-cd-pipeline-security-checklist-8500953d4c5d,brazil,200.0
https://hackernoon.com/devsecops-deep-dive-cicd-pipeline-security,brazil,200.0
https://www.iogp.org/bookstore/product/pipeline-security-guidelines/,brazil,200.0
https://www.jit.io/aspm-platform/cicd-security,brazil,200.0
https://www.opsera.io/learn/devsecops-best-practices-for-ci-cd-pipeline-security,brazil,200.0
https://e.huawei.com/en/material/enterprise/a0512272c84b4076a66e062ad9b87c73,brazil,200.0
https://industrialcyber.co/regulation-standards-and-compliance/strengthening-pipeline-security-a-guide-for-ot-professionals-on-tsa-pipeline-security-directives-and-the-2024-notice-of-proposed-rules/,brazil,200.0
https://ingaa.org/wp-content/uploads/2019/02/34310.pdf,brazil,200.0
https://openssf.org/wp-content/uploads/2025/08/OpenSSF_MLSecOps_Whitepaper.pdf,brazil,200.0
https://www.cbo.gov/publication/61006,brazil,200.0
https://www.cybersecurityintelligence.com/pipeline-security-5315.html,brazil,200.0
https://www.dragos.com/blog/industry-news/us-transportation-security-administration-releases-updated-pipeline-security-directive-key-revisions-and-compliance-strategies/,brazil,200.0
https://www.ppln.co/en,brazil,200.0
https://www.veitur.is/en/are-you-building/pipeline-security,brazil,200.0
https://help.accuknox.com/use-cases/cicd-sec/,brazil,200.0
https://www.darktrace.com/resources/pipeline-security-directive,brazil,200.0
https://www.dlh.lu/shop/module-5-part-2-devops-and-pipeline-security-1744,brazil,200.0
https://www.fortunebusinessinsights.com/pipeline-security-market-105742,brazil,200.0
https://www.linkedin.com/pulse/getting-started-cicd-pipeline-security-hossein-khoshbayan,brazil,200.0
https://xage.com/complying-with-tsa-pipeline-security-directives/,brazil,200.0
https://carleton.ca/npsia-ptd/catalogue/program-in-international-energy-and-natural-resource-infrastructure-protection/masters-certificate-pipeline-security/,brazil,200.0
https://cloudsecurityalliance.org/artifacts/the-six-pillars-of-devsecops-measure-monitor-report-and-action,brazil,200.0
https://computerfraudsecurity.com/index.php/journal/article/view/726/490,brazil,200.0
https://nsss.se/y2025/talks/ci-cd-damn-vuln-project/,brazil,200.0
https://www.arnica.io/blog/ci-cd-pipeline-security-vs-ide-plugins-vs-pipelineless-security,brazil,200.0
https://www.endorlabs.com/product/endor-labs-ci-cd,brazil,200.0
https://www.hsdl.org/c/view?docid=750295,brazil,200.0
https://www.redhat.com/en/resources/ci-cd-pipeline-security-dzone-analyst-material,brazil,200.0
https://www.txone.com/blog/tsa-pipeline-security-directive-upgraded/,brazil,200.0
https://entro.security/secrets-security-glossary/effective-secrets-management-in-ci-cd-pipelines/,brazil,200.0
https://iamops.io/devsecops-services/ci-cd-pipeline-security/,brazil,200.0
https://labs.onb.ac.at/gitlab/help/ci/pipelines/pipeline_security.md,brazil,200.0
https://www.alooba.com/skills/concepts/continuous-integrationcontinuous-deployment-cicd-437/pipeline-security/,brazil,200.0
https://www.cyberark.com/solutions/devsecops-cloud-native-apps/,brazil,200.0
https://www.law.cornell.edu/uscode/text/6/1207,brazil,200.0
https://www.opsmx.com/blog/securing-ci-cd-pipelines-practical-strategies-for-nsa-and-cisa-compliance/,brazil,200.0
"https://arxiv.org/html/2502.11070v1#:~:text=Aggregated and System-Level Metrics provide a holistic,system%2C including attack paths and system-wide dependencies.",chile,200.0
"https://blog.qualys.com/product-tech/2023/08/17/part-iii-implementing-effective-cyber-security-metrics-that-reduce-risk-realistically#:~:text=In the ever-evolving landscape of cybersecurity%2C implementing,making informed decisions to mitigate potential risks.",chile,200.0
"https://bobcares.com/blog/vulnerability-scanning-best-practices/#:~:text=Vulnerability scanning meticulously identifies and reports security,potential vulnerability goes unnoticed%2C bolstering overall cybersecurity.",chile,200.0
"https://centauritech.com/information-security/#:~:text=We will help establish security metrics to,of your organization's security capabilities. Risk Analysis",chile,200.0
"https://cyble.com/knowledge-hub/integrate-cspm-with-devops-security/#:~:text=Reduced Manual Effort – Automated monitoring eliminates,need for manual security assessments%2C improving efficiency.",chile,200.0
"https://devops.com/devops-security-metrics/#:~:text=Change Failure Rate due to Security Issues:,addressed during development%2C resulting in unstable releases.",chile,200.0
"https://fortifydata.com/security-rating-services/#:~:text=A security risk rating is a holistic,breaches%2C and the effectiveness of security controls.",chile,200.0
https://intexsoft.com/blog/software-development-metrics-and-kpi/,chile,200.0
https://link.springer.com/chapter/10.1007/978-981-96-5751-3_16,chile,200.0
"https://link.springer.com/chapter/10.1007/978-981-96-5751-3_16#:~:text=5 Measuring Effectiveness of Security Tools To,how well a tool identifies actual vulnerabilities.",chile,200.0
https://medium.com/@dave-patten/creating-a-secure-ci-cd-pipeline-8ec67f47e24d#:~:text=Time to Resolve Security Issues (MTTR): Average time taken to fix vulnerabilities.,chile,200.0
"https://medium.com/@dave-patten/devsecops-integrating-security-into-devops-1199bcd72072#:~:text=What it Measures: The average time it,when a patch or remediation is deployed.",chile,200.0
"https://parallelstaff.com/how-to-track-dora-metrics-for-devops-success/#:~:text=A high deployment frequency%2C for instance%2C may,review practices or invest more in automation.",chile,200.0
"https://peris.ai/post/mttr-vs-mttd-which-soc-metric-holds-the-key-to-cybersecurity-success#:~:text=In today's evolving threat landscape%2C reducing Mean,ensures quicker incident responses%2C minimizing potential damage.",chile,200.0
https://pilotcore.io/blog/what-is-devsecops-definition-guide#:~:text=Security Test Coverage: Percentage of code covered by security tests,chile,200.0
"https://redresscompliance.com/ai-security-analytics/#:~:text=Benefit: Enhances the efficiency and effectiveness of,by reducing the need for manual intervention.",chile,200.0
"https://release.com/blog/components-of-a-successful-idp-build-a-product-your-developers-actually-want-to-use#:~:text=Security: The basics of security could involve,management%2C or live monitoring of security threats.",chile,200.0
"https://reliaquest.com/blog/cybersecurity-metrics/#:~:text=These metrics provide a clear overview of,improvements%2C ultimately enabling strategic and tactical decision-making.",chile,200.0
"https://snyk.io/articles/application-security/measuring-appsec-success/#:~:text=Better overall security posture. Metrics give your,improve your overall security posture over time.",chile,200.0
"https://snyk.io/blog/measuring-appsec-success-key-kpis-demonstrate-value/#:~:text=Mean-time-to-detect (MTTD): Measures the average time it,a vulnerability from the moment it appears.",chile,200.0
https://sstech.us/blogs/microsoft-secure-score-important-to-organization/,chile,200.0
"https://thenewstack.io/what-is-devsecops/#:~:text=Metrics and measurements play a crucial role,a more efficient and responsive DevSecOps process.",chile,200.0
"https://thenewstack.io/what-is-devsecops/#:~:text=Security testing coverage is a metric that,the comprehensiveness of security testing techniques applied.",chile,200.0
"https://tryhackme.com/resources/blog/web-application-security-and-ci-cd-pipeline#:~:text=Understanding the CI/CD Pipeline Early Vulnerability Detection:,Market: Improved Compliance: Culture of Security Awareness:",chile,200.0
"https://typoapp.io/blog/software-delivery-using-dora-metrics#:~:text=Lowering Change Failure Rate Actionable Insights: A,testing or rushed deployments. Strategies for Improvement:",chile,200.0
https://www.activestate.com/blog/devsecops-maturity-model-roadmap/,chile,200.0
"https://www.aptori.com/blog/software-composition-analysis-best-practices-and-sca-tools#:~:text=In essence%2C Software Composition Analysis tools that,pivotal for maintaining ongoing security and compliance.",chile,200.0
"https://www.compuquip.com/blog/five-metrics-to-increase-the-roi-of-penetration-testing#:~:text=Review Top Vulnerability Density Trends Vulnerability density,is instrumental for business and risk insight.",chile,200.0
https://www.getxray.app/blog/how-traceability-drives-devops-success#:~:text=In highly regulated industries or enterprise environments%2C proving compliance is critical;,chile,200.0
"https://www.greenbone.net/en/blog/kpi-for-measuring-vulnerability-management-performance/#:~:text=Mean Time to Remediate (MTTR; Efficiency): This,evaluate the risk posed by exposure time.",chile,200.0
"https://www.infracloud.io/blogs/manage-vulnerabilities-dependency-track/#:~:text=Dependency-Track benefits Support for multiple components -,Sonatype OSS Index to name a few",chile,200.0
"https://www.linkedin.com/advice/0/what-most-effective-metrics-api-security-skills-quality-assurance-7dj5e#:~:text=- Security score serves as a comprehensive,and vulnerability remediation contribute to the score.",chile,200.0
"https://www.linkedin.com/advice/1/how-can-you-use-cicd-metrics-ensure-your-application-cmbdc#:~:text=* Monitor build success rate: Ensure that,of introducing bugs that could impact availability.",chile,200.0
"https://www.linkedin.com/advice/3/youre-assessing-your-performance-information-kb2ze#:~:text=To truly gauge your effectiveness%2C you'll need,and guide your strategy for continuous improvement.",chile,200.0
"https://www.linkedin.com/pulse/building-secure-devops-pipeline-integrating-security-checks-your-vgyxf#:~:text=Reduced Risk of Vulnerabilities: Early identification and,applications and a reduced risk of breaches.",chile,200.0
"https://www.linkedin.com/pulse/securing-pipeline-key-metrics-evaluating-devops-security-vinyl-s-lnbuc#:~:text=Security Code Scanning Coverage: This metric measures,percentage indicates more comprehensive security scanning practices.",chile,200.0
"https://www.mimecast.com/blog/top-10-cybersecurity-metrics-and-kpis/#:~:text=Yet%2C with metrics in place%2C business leaders,risk management program and what it costs.",chile,200.0
"https://www.paloaltonetworks.ca/cyberpedia/what-is-ci-cd-security#:~:text=These metrics may include mean time to,and the time taken to remediate vulnerabilities.",chile,200.0
"https://www.portnox.com/blog/security-trends/10-security-metrics-you-need-to-be-monitoring-now/#:~:text=Vulnerability Density: Monitoring the amount of vulnerabilities,your team to prioritize their remediation efforts.",chile,200.0
https://www.practical-devsecops.com/devsecops-metrics/?srsltid=AfmBOopU89V_ZRoXcCpfQLoLpq-l6WDAQVdADP_ArD47F9cMPaTiGQan,chile,200.0
"https://www.sentinelone.com/cybersecurity-101/cloud-security/ci-cd-security-scanning/#:~:text=This proactive stance allows for early detection,risk of security breaches and data exposures.",chile,200.0
"https://www.sentinelone.com/cybersecurity-101/cybersecurity/vulnerability-management-metrics/#:~:text=Vulnerability Detection Rate: The detection rate is,is an indication of overlooking some flaws.",chile,200.0
"https://www.uffizzi.com/blog/continuous-testing-in-devops#:~:text=Test coverage is expressed as a percentage,application; the higher the percentage%2C the better.",chile,200.0
"https://www.verticalrelevance.com/solution-spotlight-security-dashboard-foundations-security-hawk/#:~:text=A single%2C reliable%2C quantitative measurement of security,to improve overall security of their infrastructure.",chile,200.0
"https://www.wiz.io/academy/ci-cd-security-best-practices#:~:text=Failed build rate due to security issues:,tracking security-related failures separately from functional issues.",chile,200.0
"https://www.zengrc.com/blog/cybersecurity-kpis-to-track-examples/#:~:text=Compliance with security policies and regulations. This,are implemented as per the defined guidelines.",chile,200.0
https://www.trccompanies.com/insights/tsa-pipeline-security-guidelines-navigating-change-to-protect-critical-assets/,chile,200.0
https://www.assurx.com/tsa-pipeline-security-directives-an-overview-of-cybersecurity-requirements/,chile,200.0
https://www.bluemetrix.com/blog?lang=es,chile,200.0
https://carijournals.org/journals/index.php/IJCE/article/view/3047?srsltid=AfmBOoqvEHV4pDkc2Wj2HRhJtDydYQ46gL1X82f08Eztq2fuLpDNtDnW,chile,200.0
https://cdn.ymaws.com/members.iamu.org/resource/resmgr/security/2018_TSA_Pipeline_Security_G.pdf,chile,200.0
https://code.kingdee.com/gitlab/help/ci/pipelines/pipeline_security.md,chile,200.0
https://learn.microsoft.com/en-us/azure/devops/release-notes/2023/sprint-216-update,chile,200.0
https://www.conjur.org/use-cases/ci-cd-pipelines/,chile,200.0
https://www.travis-ci.com/blog/ci-cd-security-practices/,chile,200.0
https://thenewstack.io/security-metrics-that-actually-matter-in-a-devops-world/,chile,200.0
https://www.cisco.com/c/en/us/td/docs/solutions/Verticals/Oil_and_Gas/Pipeline/SecurityReference/Security-IRD/Security-IRD.html,chile,200.0
https://www.practical-devsecops.com/what-is-devsecops-pipelines/?srsltid=AfmBOoqLBvd_vEOdeAQyt5qlpGBf4yBNDdAVJl-qb7Eo56iwGze3T0qy,chile,200.0
https://www.checkpoint.com/cyber-hub/cloud-security/devsecops/what-is-a-ci-cd-pipeline/,chile,200.0
https://snyk.io/es/articles/application-security/measuring-appsec-success/,chile,200.0
https://www.practical-devsecops.com/devsecops-metrics/?srsltid=AfmBOooR2yW57RAdn8HO631k3e4jctJlM4tK4ink-7bm3-hahAtu3BHu,chile,200.0
https://codewithmukesh.com/courses/dotnet-webapi-zero-to-hero/,chile,200.0
https://github.com/BeehiveInnovations/zen-mcp-server,chile,200.0
https://www.parallels.com/products/desktop/?srsltid=AfmBOopJCO_AUmTnJt4aGx2aTb11kPGpsj08ava2WtZF18vfu-kr6qGS,chile,200.0
https://medium.com/@pawel.piwosz/ci-cd-pipeline-security-what-we-can-learn-from-real-disasters-632192683757,chile,200.0
https://www.upwind.io/feed/enhancing-ci-cd-pipeline-security-with-upwind,chile,200.0
https://xygeni.io/es/cicd-pipeline-security-tool/,chile,200.0
https://www.opsmx.com/blog/security-and-compliance-best-practices-for-ci-cd-pipelines-in-2023/,chile,200.0
https://www.aga.org/topics/pipeline-security/,chile,200.0
"https://aitglobalinc.com/devops-agile/what-is-devsecops-methodology/#:~:text=Key performance indicators (KPIs) could include the,and improving overall security. Common KPIs include:",china,200.0
"https://armur.ai/blogs/posts/top_20_static_analysis_tools/#:~:text=6. Veracode Veracode Static Analysis is a,process%2C with strong integration into CI/CD pipelines.",china,200.0
"https://buildkite.com/resources/blog/continuous-integration-for-monorepos/#:~:text=Monitor your builds Build times : Monitoring,Feedback loop duration Automated alerts and dashboards",china,200.0
"https://checkmarx.com/learn/breaking-down-the-owasp-top-10-for-llm-applications/#:~:text=This includes hashes for model weights%2C data,checks as part of the CI/CD pipeline.",china,200.0
"https://checkmarx.com/learn/code-to-cloud-security/cloud-native-application-security-cnas-best-practices/#:~:text=Defining key metrics and key performance indicators,vulnerabilities%2C and the adherence to compliance standards.",china,200.0
"https://cycode.com/blog/secure-devops-pipeline/#:~:text=Security audits should be conducted regularly to,before they can be exploited by attackers.",china,200.0
"https://cycode.com/blog/what-is-software-composition-analysis-sca/#:~:text=Once vulnerable components are identified%2C SCA (,tools like CVSS score or risk scoring.",china,200.0
"https://daily.dev/blog/ultimate-guide-to-cicd-monitoring-metrics#:~:text=Ultimate Guide to CI/CD Monitoring Metrics Key,rates to maintain reliable and quick releases.",china,200.0
"https://grepdigital.com/insight/secure-software-development-lifecycle-brief/#:~:text=Integrate security practices throughout the entire SDLC.,at regular intervals during the development process.",china,200.0
https://intercept.cloud/en-gb/blogs/microsoft-defender-for-cloud,china,200.0
"https://launchdarkly.com/blog/reducing-risk-in-your-devops-pipeline/#:~:text=Static and dynamic analysis Your CI/CD pipeline,application source code for errors and vulnerabilities.",china,200.0
"https://medium.com/@dave-patten/devsecops-integrating-security-into-devops-1199bcd72072#:~:text=Below are some examples of Security-First Key,in integrating security into the DevOps pipeline.",china,200.0
"https://medium.com/@liams_o/devsecops-security-culture-in-devops-tasks-f8ab725914b5#:~:text=Continuously monitor and improve: Continuously monitor and,measure the effectiveness of your security program.",china,200.0
"https://mentorcruise.com/questions/cicd/#:~:text=Common metrics to monitor include: Build Time,ratio of successful deployments to failed ones).",china,200.0
"https://moldstud.com/articles/p-cyber-security-metrics-measuring-effectiveness-in-higher-education#:~:text=Select and define KPIs that align with,employees who have completed cybersecurity awareness training.",china,200.0
"https://orca.security/glossary/ci-cd-security/#:~:text=Pipeline access control and auditability Restrict access,privilege escalation through compromised accounts or plugins",china,200.0
"https://sidgs.com/devops-security-checklist-to-safeguard-your-software-development-process/#:~:text=Security awareness training: Conduct regular security awareness,practices%2C common threats%2C and incident response procedures.",china,200.0
"https://touchlane.com/software-development-security-best-practices-a-developers-guide/#:~:text=In coding%2C this could be amended by,the possible consequences of a security breach.",china,200.0
"https://versprite.com/blog/security-metrics-rehab-part-i/#:~:text=They ( Metrics ) substantiate security initiatives,remediation rates%2C security training effectiveness%2C and more.",china,200.0
"https://www.altexsoft.com/blog/what-is-secdevops/#:~:text=You should conduct security training especially designed,the production environment by using Red/Black deployments.",china,200.0
"https://www.appknox.com/blog/cicd-pipeline-security-for-mobile-apps#:~:text=What is a CI/CD pipeline? A CI/CD,to streamline software building%2C testing%2C and release.",china,200.0
"https://www.aptori.com/blog/a-deep-dive-into-application-security-appsec#:~:text=Least Privilege: This principle ensures that applications,in the event of a security breach.",china,200.0
"https://www.arnica.io/blog/sca-testing-for-secure-software-development-when-where-and-how-to-scan-for-maximum-impact#:~:text=Harnessing sophisticated vulnerability prioritization and automating Software,intricacies and necessities of modern application security.",china,200.0
"https://www.bayrocklabs.com/case-studies/transforming-security-culture-through-data-driven-insights-for-a-global-mobility-solutions-provider#:~:text=Gained insights into employees' security practices%2C identifying,highlighting the need for enhanced awareness training.",china,200.0
"https://www.blackduck.com/glossary/what-is-cicd.html#:~:text=It is critical that teams build in,most important steps to achieving this goal.",china,200.0
https://www.blazemeter.com/p/resources/2025-state-of-continuous-testing-report,china,200.0
"https://www.crowdstrike.com/en-us/blog/shift-left-measure-right-assessing-efficacy-application-security-ci-cd/#:~:text=The next step is to find the,security tools and processes have on risk.",china,200.0
"https://www.endorlabs.com/implementing-software-supply-chain-security#:~:text=Security tools can discover potential risks in,of components used in the build process.",china,200.0
"https://www.freecodecamp.org/news/how-to-build-a-production-ready-devops-pipeline-with-free-tools/#:~:text=How to Implement Security Testing and Scanning,scanning at various stages of your workflow.",china,200.0
https://www.hypercomply.com/blog/security-compliance,china,200.0
"https://www.infoq.com/articles/secure-resilient-delivery-pipelines/#:~:text=Securing Infrastructure Components The backbone of any,to protect the pipeline from potential threats.",china,200.0
"https://www.jit.io/resources/devsecops/ci-cd-security-tips#:~:text=11. Test all CI/CD resources Ensure that,dependencies%2C and tools used throughout the pipeline.",china,200.0
"https://www.kyotutechnology.com/financial-benefits-of-shift-left-security/#:~:text=This method emphasizes integrating security practices right,analysis taking place only after software development.",china,200.0
"https://www.larksuite.com/en_us/topics/okr-examples/okr-examples-for-it-security-specialists#:~:text=Incident Response Time: This metric measures the,the efficiency of the security response protocols.",china,200.0
"https://www.linkedin.com/pulse/security-metrics-cyber-risk-indicators-constitute-saheed-oyedele-mg7qe#:~:text=Risk scores are usually calculated by combining,Threats%2C Impact and controls influence risk score.",china,200.0
"https://www.linkedin.com/pulse/what-cicd-pipeline-trolleyesecurity-mdwuc#:~:text=4. Secure Configuration Management: Ensure that all,of IT Client Solutions at Tobin Solutions.",china,200.0
"https://www.lunavi.com/blog/improve-your-cloud-security-posture-with-azure-security-center#:~:text=You can visualize the security state of,improve. A higher score implies better security.",china,200.0
"https://www.paloaltonetworks.ca/cyberpedia/what-is-ci-cd-security#:~:text=Dynamic application security testing (DAST) checks running,toward the end of the CI/CD pipeline.",china,200.0
"https://www.paloaltonetworks.com/cyberpedia/what-is-the-ci-cd-pipeline-and-ci-cd-security#:~:text=A continuous integration and continuous delivery/deployment (CI/CD),tasks%2C which enables early bug detection%2C reduces",china,200.0
https://www.practical-devsecops.com/devsecops-metrics/,china,200.0
https://www.practical-devsecops.com/devsecops-metrics/?srsltid=AfmBOooE06YJ1uaTRT9xDkhcyjLvcjn9gD0-DK-nPggh32xYAQq9ghVx,china,200.0
"https://www.sentinelone.com/cybersecurity-101/cloud-security/container-security-testing/#:~:text=By integrating security into the development process,security posture and better protect sensitive data.",china,200.0
https://www.sify.com/security/how-to-secure-your-devops-pipelines/,china,200.0
"https://www.turing.com/kb/ci-cd-pipeline#:~:text=It is crucial to track the time,required to fix and tackle the bugs.",china,200.0
"https://xygeni.io/cicd-security/#:~:text=Apply least privilege access controls in pipelines,ensure secure configurations while reducing risk exposure.",china,200.0
"https://zeet.co/blog/ci-cd-security#:~:text=Secure configuration management is essential to ensure,encryption settings%2C and network configurations%2C among others.",china,200.0
https://carijournals.org/journals/index.php/IJCE/article/view/3047?srsltid=AfmBOorzbVjb7JHBtjbDOH5az9lbo-_-43DIS89CwMRC2azpT7pF_1nV,china,200.0
https://www.linkedin.com/pulse/aws-powered-cicd-pipeline-security-kenza-soopramanien-kqjec,china,200.0
https://cfp.securitybsides.org.uk/bsides-london-2024/talk/P8GMHQ/,china,200.0
https://fastercapital.com/topics/what-is-pipeline-security-and-why-is-it-important.html,china,200.0
https://www.dragos.com/resource/u-s-transportation-security-administration-pipeline-security-directives/,china,200.0
https://media.jfrog.com/wp-content/uploads/2019/11/20130147/DevSecOps-ebook.pdf,china,200.0
https://owasp.org/www-project-spvs/,china,200.0
https://cybersecuritynews.com/secure-your-ci-cd-pipeline/,china,200.0
https://www.dragonspears.com/blog/devsecops-assessment-questions,china,200.0
https://xygeni.io/blog/what-security-standards-for-cicd-pipelines-apply-in-2025/,china,200.0
https://www.peakhour.io/learning/devsecops/what-is-cicd-security-integration/,china,200.0
https://docs-cortex.paloaltonetworks.com/r/Cortex-Cloud-Posture-Management/CI/CD-Security/What-is-CI/CD-security?contentId=bIMWlgMxKdS2L4RyiiKCqQ,china,200.0
https://www.jit.io/resources/appsec-tools/top-11-devops-security-tools,china,200.0
https://snyk.io/blog/strengthen-security-ci-cd-pipeline/,china,200.0
https://www.practical-devsecops.com/what-is-devsecops-pipelines/?srsltid=AfmBOorMIbtmdEg_ELQNV8k-PyHhEYY_oEyq8WBzaLPu1AKuQ59eTLpH,china,200.0
https://www.e-spincorp.com/application-security-testing-for-pipeline-security-sast-dast/,china,200.0
https://www.e-spincorp.com/pipeline-security-addressing-vulnerabilities-in-ci-cd-pipelines/,china,200.0
https://aws.amazon.com/marketplace/reviews/reviews-list/prodview-ljsrjvcsk72ki/review/a015d0b6-b9fa-3391-bc9d-afda212e5fe9,china,200.0
https://www.practical-devsecops.com/devsecops-metrics/?srsltid=AfmBOooafkvQyUQF8p5S9cNunL-3q0maUiydYIT9rWbLNiAOnq6HTPj0,china,200.0
https://careers.wbd.com/global/en/job/R000096438/Software-Engineer-in-Test-II,china,200.0
https://careers.wbd.com/global/en/job/R000096436/Senior-Software-Engineer-in-Test,china,200.0
https://docs.dynatrace.com/docs/whats-new/documentation,china,200.0
https://mx.computrabajo.com/ofertas-de-trabajo/oferta-de-trabajo-de-work-from-home-senior-java-spring-boot-developer-ref-0003-en-tepezala-C489B2AB9674A8B761373E686DCF3405,china,200.0
https://supabase.com/docs/guides/deployment/going-into-prod,china,200.0
https://jobs.discovertechnata.com/companies/warner-bros-discovery-2/jobs/56429854-senior-software-engineer-in-test,china,200.0
https://www.parallels.com/products/desktop/?srsltid=AfmBOoouaKGllGDufb22UaasnpbmCRlVLg5d-E3yvtjyEnuZ1kna_A8L,china,200.0
https://www.remoterocketship.com/company/trimble/jobs/senior-genai-python-engineer-genai-safety-and-quality-spain-remote,china,200.0
https://itwire.com/itwire-magazine/tag/Software+development.html,china,200.0
https://industrialcyber.co/mining-oil-gas/tsa-seeks-omb-approval-to-extend-pipeline-security-and-cyber-incident-reporting-requirements/,china,200.0
"https://akfpartners.com/growth-blog/ceo-guide-to-measuring-engineering-team-performance#:~:text=What Engineering performance metrics are not Security,security issues. Security Security Incidents or Breaches",netherlands,200.0
"https://checkmarx.com/learn/developers/devsecops-best-practices/#:~:text=Automation: Automating security tests in the CI/CD,offering the tools to ensure that balance.",netherlands,200.0
"https://docs.prismacloud.io/en/enterprise-edition/content-collections/cloud-and-software-inventory/iac-resources#:~:text=Resources with Vulnerabilities: This metric provides insight,framework%2C spanning across all levels of severity.",netherlands,200.0
"https://duplocloud.com/blog/helpful-resources/code-security-the-essential-guide-for-developers/#:~:text=By tracking these metrics%2C development teams can,practices' effectiveness and identify areas for improvement.",netherlands,200.0
"https://maddevs.io/blog/top-reporting-tools/#:~:text=Track the status of software builds%2C including,builds%2C as well as any associated issues.",netherlands,200.0
"https://medium.com/@dave-patten/devsecops-integrating-security-into-devops-1199bcd72072#:~:text=What it Measures: The average time it,release or per 1%2C000 lines of code.",netherlands,200.0
"https://onix-systems.com/blog/planning-and-implementing-ci-cd-pipeline#:~:text=Security integration. Security scans%2C vulnerability assessments%2C and,the overall security posture of the software.",netherlands,200.0
"https://rampxchange.com/blog/what-is-a-security-posture-score#:~:text=Cybersecurity posture scores help provide a high-level,entity's cyber strengths or areas for improvement.",netherlands,200.0
"https://seemplicity.io/remops-glossary/devsecops/#:~:text=%2C CI/CD pipelines are enhanced with security,delivery while maintaining a strong security posture.",netherlands,200.0
"https://snyk.io/articles/application-security/measuring-appsec-success/#:~:text=There are several metrics to evaluate when,alignment with standard compliance frameworks%2C and time-to-fix.",netherlands,200.0
"https://sprinto.com/blog/cybersecurity-metrics/#:~:text=3. Compliance reporting Cybersecurity metrics and KPIs,standards that necessitate proactive redressal of incidents.",netherlands,200.0
"https://strobes.co/blog/vulnerability-management-lifecycle-the-ultimate-guide-to-business-security/#:~:text=3. Risk Metrics Reports on key risk,track progress and identify areas needing improvement.",netherlands,200.0
"https://www.acronis.com/en-gb/products/cyberfit-score-tool/#:~:text=The scores of all metrics are then,metric so it's easily understood by users.",netherlands,200.0
"https://www.aikido.dev/features/ci-cd-pipeline-security#:~:text=Full Coverage in One Platform Code &,can be merged. Domain Surface monitoring (DAST)",netherlands,200.0
"https://www.armosec.io/blog/cis-kubernetes-benchmark-framework-scanning-tools-comparison/#:~:text=CIS-compliance tools help reduce manual efforts and,overhead and time invested toward cybersecurity readiness.",netherlands,200.0
"https://www.bitcot.com/devops-techniques-to-speed-up-your-ci-cd-workflow/#:~:text=Risks & Challenges in CI/CD Security Vulnerabilities,coverage allows bugs to slip into production.",netherlands,200.0
"https://www.bitdefender.com/en-us/business/infozone/critical-security-controls-cis-v8#:~:text=Measure Security Metrics: Track compliance scores%2C response,and remediation rates to assess security posture.",netherlands,200.0
"https://www.bitsight.com/glossary/cyber-security-metrics#:~:text=Benefits of Using Cybersecurity Metrics Improved Visibility,Enhanced Security Posture Demonstrated Compliance Informed Decision-Making",netherlands,200.0
"https://www.clouddefense.ai/devsecops-best-practices/#:~:text=In DevSecOps%2C your CI/CD pipeline is the,to the pipeline to detect issues early.",netherlands,200.0
"https://www.crowdstrike.com/en-us/cybersecurity-101/cloud-security/continuous-integration-continuous-delivery-ci-cd/#:~:text=Continuous integration and continuous delivery,between development and operations teams.",netherlands,200.0
"https://www.curios-it.eu/custom-solutions.html#:~:text=We establish clear success metrics at the,detect/respond%2C vulnerability closure rates%2C and compliance scores.",netherlands,200.0
"https://www.digitalguardian.com/blog/security-and-analytics-experts-share-most-important-cybersecurity-metrics-and-kpis#:~:text=Number one on the list would be,or tracked with the use of software.",netherlands,200.0
"https://www.dragonspears.com/blog/devsecops-assessment-questions#:~:text=Vulnerability metrics: These metrics track how many,measure how quickly these vulnerabilities are addressed.",netherlands,200.0
"https://www.esparkinfo.com/devops/outsourcing#:~:text=Business value is an outcome of the,development teams can get rid of quickly.",netherlands,200.0
"https://www.greenbone.net/en/blog/kpi-for-measuring-vulnerability-management-performance/#:~:text=Remediation Performance Metrics Mean Time to Remediate,Reopen Rate (Efficiency): Cost of Remediation (Impact)",netherlands,200.0
https://www.indusface.com/blog/vulnerability-management-metrics-and-kpis/#:~:text=Remediation Throughput: Tracks how many vulnerabilities are fixed within a set period (weekly/monthly).,netherlands,200.0
"https://www.jc-cybersecurity.co.uk/dast-in-devops-why-it-matters#:~:text=In other words%2C the foundation of strong,both the organization and its end users.",netherlands,200.0
"https://www.legitsecurity.com/aspm-knowledge-base/top-vulnerability-management-metrics#:~:text=Legit Security helps you go beyond collecting,compliance%2C time to remediation%2C and high-risk exposure.",netherlands,200.0
"https://www.linkedin.com/advice/1/what-most-important-cybersecurity-metrics-senior-ssnyc#:~:text=These metrics include the time taken to,and preparedness of their incident response team.",netherlands,200.0
"https://www.linkedin.com/pulse/getting-started-cicd-pipeline-security-hossein-khoshbayan#:~:text=A continuous integration/continuous delivery (CI/CD) pipeline is,CI/CD pipelines are commonly targeted by atta.",netherlands,200.0
"https://www.linkedin.com/pulse/introduction-devsecops-sankalp-sandeep-paranjpe#:~:text=Automation of Security: Automation plays an imp,facilitating continuous security monitoring of the pipeline.",netherlands,200.0
"https://www.linkedin.com/pulse/what-information-security-metrics-muema-glyme#:~:text=These metrics provide data-driven insights into how,risk mitigation%2C resource allocation%2C and policy adjustments.",netherlands,200.0
"https://www.microbyte.com/blog/how-microsoft-secure-score-helps-your-company-stay-safer/#:~:text=Evaluating key security controls and recommending actions,risks and strengthen your overall security strategy.",netherlands,200.0
https://www.practical-devsecops.com/devsecops-metrics/?srsltid=AfmBOoqSwrzfKZbS6eW4AwDFgmprZhUH5VzUalDvxZ_izEt7A0pFXoS2,netherlands,200.0
"https://www.sentinelone.com/cybersecurity-101/cloud-security/ci-cd-security-scanning/#:~:text=SAST tools do not execute the code.,for security vulnerabilities%2C coding issues%2C and bugs.",netherlands,200.0
"https://www.vectra.ai/topics/cybersecurity-metrics#:~:text=Metrics provide data-driven insights that help in,risks%2C facilitating more strategic risk management decisions.",netherlands,200.0
"https://www.wiz.io/academy/ci-cd-security-best-practices#:~:text=It involves categorizing build failures in your,ensure that security improvements aren't slowing delivery.",netherlands,200.0
"https://www.wiz.io/academy/interactive-application-security-testing-iast#:~:text=SCA detects potential security vulnerabilities in your,doesn't evaluate or scan your application code.",netherlands,200.0
"https://www.xcubelabs.com/blog/implementing-security-in-devops-pipelines/#:~:text=DAST tools focus on the runtime environment,be evident in the source code alone.",netherlands,200.0
"https://zionclouds.com/popular-blogs/implementing-devsecops-a-holistic-approach-to-ensuring-robust-security-in-software-development#:~:text=Key Metrics and Performance Indicators To gauge,development processes while identifying areas for improvement.",netherlands,200.0
https://outshift.cisco.com/blog/how-panoptica-secures-gitops,netherlands,200.0
https://support.intershop.com/kb/go.php/a/ENFDEVDOC/pages/1775998115/Guide+-+Pipeline+Security,netherlands,200.0
https://circleci.com/blog/secure-ci-pipeline/,netherlands,200.0
https://carijournals.org/journals/index.php/IJCE/article/view/3047?srsltid=AfmBOoqitHSm0JPrUMWY7wGpj4r2RDp3GK4DF719_6mjN7r2LooO_HJC,netherlands,200.0
https://us-southeast-1.linodeobjects.com/it-consulting-new-jersey/cicd-pipeline-security-dont-make-these-mistakes.html,netherlands,200.0
https://www.apono.io/blog/access-management-for-devops-securing-ci-cd-pipelines/,netherlands,200.0
https://www.travis-ci.com/blog/category/security/,netherlands,200.0
https://www.practical-devsecops.com/devsecops-metrics/?srsltid=AfmBOopU-5CxkgC6Sg80Ap1ZQDaTTHRyfHuQeK_RQ1ZUx56gLcmD4TlW,netherlands,200.0
https://devtron.ai/blog/the-4-pillars-for-securing-kubernetes-in-ci-cd/,netherlands,200.0
https://gatling.io/blog/what-is-devsecops,netherlands,200.0
https://optiblack.com/insights/7-best-practices-to-secure-cicd-pipeline,netherlands,200.0
https://cloudautocraft.com/ci-cd-pipeline-security-what-are-the-best-practices/,netherlands,200.0
https://www.dragos.com/blog/industry-news/tsa-pipeline-security-guideline-update/,netherlands,200.0
https://www.devopschat.co/articles/devsecops-challenge-9-security-metrics-insights-and-continuous-improveme,netherlands,200.0
https://www.practical-devsecops.com/what-is-devsecops-pipelines/?srsltid=AfmBOop9sBCh7ICZ1YGJ40B2wyh2OAcicbPQfLxD3RVlP6iupAnjyxnR,netherlands,200.0
https://blog.codacy.com/appsec-in-the-age-of-continuous-integration-and-deployment,netherlands,200.0
https://circleci.com/blog/security-best-practices-for-ci-cd/,netherlands,200.0
https://www.myshyft.com/blog/pipeline-security-scanning/,netherlands,200.0
https://idm.net.au/blog/0015281-new-tools-target-shadow-ai-risks,netherlands,200.0
https://www.parallels.com/products/desktop/?srsltid=AfmBOopfFJ7utdH-1v76Ths_ibgdn94YLaq0KD8qy8xv328XV44hkW3p,netherlands,200.0
"https://blogs.stickmancyber.com/cybersecurity-blog/devsecops-the-approach-to-security-by-design#:~:text=It ( DevSecOps ) 's a proactive,than merely being applied after the fact.",newzealand,200.0
"https://chartexpo.com/blog/cyber-security-key-performance-indicators#:~:text=Why Are Cyber Security Key Performance Indicators,risks: KPIs identify weaknesses in your defenses.",newzealand,200.0
"https://learn.microsoft.com/en-us/azure/defender-for-cloud/defender-for-devops-introduction#:~:text=Total number of DevOps security scan findings,by severity level and by finding type.",newzealand,200.0
"https://levelblue.com/blogs/security-essentials/hitrust-implementation-vs-measured-prisma-levels#:~:text=Performance Monitoring: The organization is actively tracking,(e.g.%2C effectiveness in detecting and preventing threats).",newzealand,200.0
"https://link.springer.com/rwe/10.1007/978-3-030-71522-9_1772#:~:text=Definition Vulnerability metrics are quantitative measures used,ease of remediation of the identified vulnerabilities.",newzealand,200.0
"https://medium.com/@vinoji2005/day-14-gitlab-ci-cd-for-security-scanning-and-vulnerability-management-84133131f972#:~:text=In the Vulnerability Report under Security &,helps you prioritize fixes based on risk.",newzealand,200.0
"https://spacelift.io/blog/what-is-devsecops#:~:text=DevSecOps integrates security practices into the DevOps,at every stage of the development lifecycle.",newzealand,200.0
"https://www.bairesdev.com/blog/what-is-devsecops/#:~:text=Performance assessment: Measure how quickly the team,to identify new vulnerabilities and patch them.",newzealand,200.0
"https://www.btech.id/en/news/implementing-devsecops-a-comprehensive-guide/#:~:text=DevSecOps%2C an approach that integrates security practices,create a culture of continuous security improvement.",newzealand,200.0
"https://www.chillisoft.net/knowledge-is-power-webinar/#:~:text=It ( SecurityScorecard ) delivers real-time alerts,improving your score through targeted security measures.",newzealand,200.0
"https://www.getsafety.com/blog-posts/beyond-cvss-project-context-exploitability-and-reachability-of-vulnerabilities#:~:text=To address massive growth in vulnerabilities and,vulnerability risk score based on project context.",newzealand,200.0
"https://www.isc2.org/Insights/2024/08/Maximizing-Cybersecurity-Effectiveness-Through-Metrics#:~:text=Vulnerability metrics: This involves identifying the total,percentage of vulnerabilities remediated within specified timeframes.",newzealand,200.0
"https://www.linkedin.com/advice/1/what-most-important-security-indicators-monitor-gpznf#:~:text=Performance indicators measure how efficiently and effectively,optimize your security resources%2C processes%2C and outcomes.",newzealand,200.0
"https://www.mindbowser.com/devsecops-metrics/#:~:text=Security control effectiveness is a metric used,measures within an organization's software development lifecycle.",newzealand,200.0
https://www.practical-devsecops.com/devsecops-metrics/?srsltid=AfmBOoqz-mrjRSuzLzSrzRZZ0HrLryIye-KzOySYnvM04_rQiBK9kxKP,newzealand,200.0
https://www.practical-devsecops.com/what-is-devsecops-pipelines/#Common_Components_of_DevSecOps_Pipelines,newzealand,200.0
https://www.practical-devsecops.com/what-is-devsecops-pipelines/#DevSecOps_CI/CD,newzealand,200.0
https://www.practical-devsecops.com/what-is-devsecops-pipelines/#Why_DevSecOps_Pipelines_are_Important?,newzealand,200.0
https://www.practical-devsecops.com/what-is-devsecops-pipelines/?srsltid=AfmBOooJOAbHhDzTgPYfJriLytdSHMPTsPsY5af4v3N0sdt49U--wIO1,newzealand,200.0
"https://www.sentinelone.com/cybersecurity-101/cybersecurity/cybersecurity-posture-assessment/#:~:text=Key Components of a Cybersecurity Posture Assessment,or pillars of cyber security posture assessment.",newzealand,200.0
"https://www.sonarsource.com/learn/integrating-quality-gates-ci-cd-pipeline/#:~:text=The vulnerabilities metric identifies potential security weaknesses,and calculates a security rating for it.",newzealand,200.0
https://blog.gitguardian.com/how-to-secure-your-ci-cd-pipeline/,newzealand,200.0
https://carijournals.org/journals/index.php/IJCE/article/view/3047?srsltid=AfmBOoq-SXBRckHwNtDzk_Q9uv3GrK0xK82zBjAipq2_lRNE9U3TdXp4,newzealand,200.0
https://handbook.appdat.jsc.nasa.gov/docs/users/security/,newzealand,200.0
https://www.akeyless.io/blog/devsec-for-scale-podcast-securing-your-ci-cd-pipeline-w-zan-markan-circleci/,newzealand,200.0
https://www.dragos.com/blog/industry-news/how-to-implement-the-revised-tsa-pipeline-security-directive/,newzealand,200.0
https://www.bastionzero.com/blog/security-goals-for-your-cicd-pipeline,newzealand,200.0
https://www.fortinet.com/resources/cyberglossary/ci-cd,newzealand,200.0
https://www.practical-devsecops.com/what-is-devsecops-pipelines/?srsltid=AfmBOop4nwkg1m730WU7quxL8QlTbcLFsMmpDPpDC9pJ0zJEe-0Oisw2,newzealand,200.0
https://spacelift.io/blog/what-is-devsecops,newzealand,200.0
https://www.practical-devsecops.com/devsecops-metrics/?srsltid=AfmBOooooM6c8CpaxTjCQAUcla1fKGud4SIX8nDC_ScQaSGmzgB82SKc,newzealand,200.0
https://www.dataart.team/vacancies,newzealand,200.0
https://vocal.media/01/belitsoft-s-take-on-net-unit-testing-what-top-teams-do-differently,newzealand,200.0
https://guardian.ng/business-services/anxiety-as-oil-stocks-plunge-10-per-cent-ytd-erase-previous-gains/,newzealand,200.0
https://www.transportationindustrynews.com/article/839744194-crude-oil-pipeline-transport-market-size-share-competitive-landscape-and-trend-analysis-report,newzealand,200.0
https://www.prolegion.com/marketplace,newzealand,200.0
https://www.vicarius.io/get-vrx-aus-lp-a,newzealand,200.0
https://championnews.com.ng/2025/08/13/nnpc-ltd-dodges-₦5bn-blow-as-court-upholds-board-authority/,newzealand,200.0
https://www.parallels.com/products/desktop/?srsltid=AfmBOor--oNyRWVRJLvXqyLC5g3IXRyoOODWSUJCqR9s15qxRUPES7yA,newzealand,200.0
https://www.linkedin.com/advice/1/how-can-you-measure-effectiveness-your-cicd-pipeline-7mjqf,newzealand,200.0
https://www.gasindustry.co.nz/our-work/work-programmes/transmission-work-streams/transmission-pipeline-security-and-reliability/,newzealand,200.0
https://www.rnz.co.nz/news/world/475733/nord-stream-leak-west-shores-up-pipeline-security-blaming-russia-sabotage,newzealand,200.0
https://moldstud.com/articles/p-automating-security-audits-for-your-logstash-instance-enhance-your-data-pipeline-security,newzealand,200.0
"https://abstractlabs.co.uk/how-mature-is-your-devops-practice-410fa254c9fd#:~:text=Get Jamal Springer | Abstract Labs's stories,into early stages of the development pipeline.",southafrica,200.0
"https://assets.contentstack.io/v3/assets/blte4f029e766e6b253/blt0f5e01ad60d397ca/67c02ff604f6a348e17ec25f/secops-ebook-one-page.pdf#:~:text=Mean time-to-remediate (MTTR) Pertains to vulnerability management,when the successive/next scan comes back clean.",southafrica,200.0
"https://attaxion.com/blog/10-critical-attack-surface-metrics-to-track/#:~:text=This metric enables security teams to see,prioritize remediation efforts and allocate resources efficiently.",southafrica,200.0
"https://gibraltarsolutions.com/blog/vulnerability-management-metrics/#:~:text=Vulnerability Severity Distribution This metric provides insights,most critical vulnerabilities that require immediate attention.",southafrica,200.0
https://horizon3.ai/nodezero/,southafrica,200.0
https://intexsoft.com/blog/software-development-metrics-and-kpi/#:~:text=Code Coverage. Measures the percentage of code covered by automated tests.,southafrica,200.0
"https://link.springer.com/chapter/10.1007/978-981-96-5751-3_16#:~:text=Scan Duration: Measure the time each security,the pipeline efficient%2C especially for frequent builds.",southafrica,200.0
"https://medium.com/@dave-patten/devsecops-integrating-security-into-devops-1199bcd72072#:~:text=What it Measures: The number of security,release or per 1%2C000 lines of code.",southafrica,200.0
"https://moldstud.com/articles/p-the-role-of-system-security-engineering-in-risk-management#:~:text=Use metrics to evaluate the effectiveness of,of security investments and foster continuous improvement.",southafrica,200.0
https://snyk.io/blog/measuring-appsec-success-key-kpis-demonstrate-value/#:~:text=False positive rate: Represents the percentage of reported vulnerabilities that are not genuine threats.,southafrica,200.0
"https://snyk.io/blog/scoring-security-vulnerabilities-101-introducing-cvss-for-cve/#:~:text=CVSS is commonly used to prioritize vulnerability,severity of vulnerabilities discovered on one's systems.",southafrica,200.0
"https://uplevelteam.com/blog/why-dora-metrics-are-only-part-of-the-equation#:~:text=Throughput (velocity) metrics Throughput metrics indicate delivery,between code commit and deployment to production.",southafrica,200.0
"https://www.appsecengineer.com/blog/the-only-guide-youll-need-to-build-your-own-devsecops-trained-team#:~:text=Setting KPIs and Metrics Time to Detect,takes to fix the vulnerabilities you've identified.",southafrica,200.0
https://www.browserstack.com/guide/top-ci-cd-tools,southafrica,200.0
"https://www.cloudraft.io/blog/cicd-observability-using-opentelemetry#:~:text=Key Metrics and Traces to Monitor Pipeline,of errors and failures at each stage.",southafrica,200.0
"https://www.compuquip.com/blog/five-metrics-to-increase-the-roi-of-penetration-testing#:~:text=Vulnerability density is a normalized measure%2C given,indicates the likely presence of multiple vulnerabilities.",southafrica,200.0
https://www.datadoghq.com/dg/monitor/personalized-demo-request/devsecops/,southafrica,200.0
"https://www.frugaltesting.com/blog/5-common-mistakes-to-avoid-when-implementing-ci-cd-in-your-testing-process#:~:text=What Key Metrics should be tracked to,pipeline reliability and code quality. Deployment Frequency",southafrica,200.0
"https://www.legitsecurity.com/aspm-knowledge-base/application-security-metrics#:~:text=The time between when a vulnerability is,codebase before security teams can identify it.",southafrica,200.0
"https://www.linkedin.com/advice/0/what-best-ways-visualize-vulnerability-management-9vtqe#:~:text=Severity Distribution: Breakdown of vulnerabilities by severity,it takes to remediate vulnerabilities after discovery.",southafrica,200.0
"https://www.linkedin.com/pulse/detection-engineering-maturity-prakash-krishnan-blaxc#:~:text=Cybersecurity @ Qualys | ROC %2C CTI%2C,alerts that represent expected or benign activity.",southafrica,200.0
"https://www.mindbowser.com/devsecops-metrics/#:~:text=4. Deployment Frequency Software development uses application,environments such as development%2C testing%2C and production.",southafrica,200.0
"https://www.mindbowser.com/devsecops-metrics/#:~:text=25. Code Coverage by Automated Security Tests,of security measures implemented within the code.",southafrica,200.0
"https://www.minware.com/report/ci-cd-pipeline-performance#:~:text=CI/CD Pipeline Performance Pipeline Run Frequency -,percentage of pipeline runs that complete successfully.",southafrica,200.0
"https://www.multitudes.com/blog/accelerate-metrics#:~:text=The duration between a developer's first code,move code from development to serving users.",southafrica,200.0
https://www.paloaltonetworks.co.uk/cyberpedia/what-is-ci-cd-security,southafrica,200.0
https://www.practical-devsecops.com/devsecops-metrics/?srsltid=AfmBOooZNJEOfCuXjWy6Nz1l8bJTUReTCN1mRWd5Ag0_W6JO9NsX9wPq,southafrica,200.0
https://www.practical-devsecops.com/what-is-devsecops-pipelines/?srsltid=AfmBOoo1RHPTGuEYUHDGXbCWY-iXBoI0MZ_ODyQKHAF-8AbAvEmFOmvA,southafrica,200.0
https://www.techtarget.com/searchnetworking/tip/How-to-implement-CI-CD-in-network-automation,southafrica,200.0
https://www.withcoherence.com/articles/performance-testing-in-cicd-pipelines-best-practices,southafrica,200.0
"https://www.wiz.io/academy/ci-cd-security-best-practices#:~:text=To continuously improve your security stance%2C track,security test coverage%2C and security-related build failures.",southafrica,200.0
https://carijournals.org/journals/index.php/IJCE/article/view/3047?srsltid=AfmBOorwvbmI1EN_A1gduAZGkRvC_IrCT3YXffbZp56G09OWgg8myL3G,southafrica,200.0
https://fastercapital.com/topics/staying-ahead-of-emerging-threats-in-pipeline-security.html,southafrica,200.0
https://scythe.io/library/tsa-pipeline-security-guidelines-and-adr,southafrica,200.0
https://www.practical-devsecops.com/devsecops-metrics/?srsltid=AfmBOopAP7fKq0N7-w7Cfw62k-_TNTesZk20k8fzyaWr2JmRPsjGg2Jr,southafrica,200.0
https://www.aikido.dev/comparison/snyk-alternative,southafrica,200.0
https://www.tripwire.com/state-of-security/security-ci-cd-pipeline-flowing,southafrica,200.0
https://levelup.gitconnected.com/writing-code-for-team-projects-conventions-prs-and-reviews-that-work-48cda080bac9,southafrica,200.0
https://www.parallels.com/products/desktop/?srsltid=AfmBOopU_GKduNcYajpeS3FkcqgkbpJvKgofIN3Ab97OudQlyD3M0nnK,southafrica,200.0
https://www.remoterocketship.com/company/growthaccelerationpartners-3/jobs/staff-ios-mobile-engineer-colombia-remote,southafrica,200.0
"https://aws.amazon.com/blogs/apn/building-an-end-to-end-devsecops-ci-cd-pipeline-with-dxcs-continuous-delivery-express-solution/#:~:text=DevSecOps CI/CD pipeline helps,customer needs and market dynamics.",usa,200.0
https://chisellabs.com/blog/best-release-management-tools/#:~:text=If tests pass%2C the code is automatically deployed to your test/review environments.,usa,200.0
https://codefresh.io/learn/ci-cd-pipelines/ci-cd-process-flow-stages-and-critical-best-practices/,usa,200.0
"https://enreap.com/devsecops-consulting-services/#:~:text=Application security management Our DevSecOps professionals are,ensure the software is resilient before deployment.",usa,200.0
"https://squareops.com/knowledge/building-understanding-aws-devsecops/#:~:text=DevSecOps Pipeline Architecture on AWS ( AWS,executing it to find potential security flaws.",usa,200.0
"https://www.aikido.dev/blog/top-code-vulnerability-scanners#:~:text=Code vulnerability scanners are automated tools that,meaning they analyze code without executing it.",usa,200.0
"https://www.aquasec.com/cloud-native-academy/devsecops/devsecops-pipeline/#:~:text=DevSecOps and CI/CD,into the application development process.",usa,200.0
"https://www.cloudbees.com/blog/top-devsecops-tools#:~:text=A DevSecOps tool is any,without compromising agility or efficiency.",usa,200.0
"https://www.copado.com/resources/blog/a-guide-to-devsecops-open-source-tools#:~:text=Code Scanning and Remediation Automatic code scanning,them a critical component of DevSecOps pipelines.",usa,200.0
"https://www.ibm.com/think/topics/ci-cd-pipeline#:~:text=The continuous integration/continuous delivery,to help ensure code quality.",usa,200.0
https://www.jit.io/resources/devsecops/the-essential-components-of-a-devsecops-pipeline,usa,200.0
"https://www.opentext.com/solutions/devsecops#:~:text=Infrastructure as Code (IaC) security tools scan,integrate security testing into the CI/CD pipeline.",usa,200.0
"https://www.opsmx.com/blog/how-a-devsecops-pipeline-addresses-the-need-for-integrating-secops-into-ci-cd-pipelines/#:~:text=What is a DevSecOps Pipeline,understand more about DevSecOps pipelines.",usa,200.0
"https://www.pointguardai.com/blog/understanding-devsecops-and-the-ci-cd-pipeline#:~:text=Integrating DevSecOps in CI/CD,costs associated with security breaches.",usa,200.0
https://www.practical-devsecops.com/devsecops-metrics/?srsltid=AfmBOooZRBt9mnGh-Nm8qn97S7bsP4q67_V4m0rHaFC19ys7TnJ_tgrn,usa,200.0
https://www.practical-devsecops.com/what-is-devsecops-pipelines/?srsltid=AfmBOorkAkVfpwcVg1zckkD-Km_fErj_wvBayFFt4ws_ltQ7uRhMDyLX,usa,200.0
"https://www.preemptive.com/blog/how-important-is-ci-cd-in-devsecops/#:~:text=Why CI/CD Is Useful,lead to improved customer satisfaction.",usa,200.0
"https://www.tigera.io/learn/guides/devsecops/devsecops-tools/#:~:text=A key component of DevSecOps,guide to shift left security.",usa,200.0
"https://www.wiz.io/academy/devsecops-pipeline-best-practices#:~:text=DevSecOps is the practice of,sets your company apart: innovation.",usa,200.0
"https://www.xenonstack.com/insights/devsecops-in-ci-cd#:~:text=Relationship of DevSecOps with CI,every commitment our team makes.",usa,200.0
"https://www.xenonstack.com/insights/devsecops-pipeline#:~:text=What role can DevSecOps play,the DevOps CI/CD pipeline.",usa,200.0
https://carijournals.org/journals/index.php/IJCE/article/view/3047?srsltid=AfmBOoppFjJB2wDBYBuAABSv6XDf7P1KfP6ptFJ1BeW72jOtAtSp3dTD,usa,200.0
https://www.contrastsecurity.com/devsecops,usa,200.0
https://www.vidoori.com/what-we-do/devsecops/,usa,200.0
https://www.linuxfoundation.org/webinars/securing-ci-cd-pipelines-through-security-gates?hsLang=en,usa,200.0
https://www.praetorian.com/services/ci-cd-security-engagement/,usa,200.0
https://www.gologic.ca/en/devsecops-ci-cd-2/,usa,200.0
https://anchore.com/press/anchore-unveils-new-open-source-tools-for-automated-devsecops-pipeline-security/,usa,200.0
https://www.vikingcloud.com/blog/what-is-ci-cd-vulnerability-scanning,usa,200.0
https://phoenixnap.com/kb/ci-cd-security,usa,200.0
https://www.linkedin.com/posts/wizsecurity_cicd-pipeline-security-best-practices-cheat-activity-7260533870016569347-js8Q,usa,200.0
https://www.gologic.ca/en/top-10-devsecops-tools/,usa,200.0
https://www.armosec.io/blog/ci-cd-security/,usa,200.0
https://www.parallels.com/products/desktop/?srsltid=AfmBOorVZVjumLv19W9tKScHDhG_iUbwr94pLc0CG440I7WgXZJPwFxk,usa,200.0
https://cyesec.com/webinars/breaking-down-the-tsa-pipeline-security-directive,usa,200.0
https://primis.phmsa.dot.gov/comm/pipelinesecurityissuesbrief.htm,usa,200.0
https://www.tiga.us/resources/recent-dhs-pipeline-security-guidelines,usa,200.0
https://armexa.com/services/governance/tsa-pipeline-security-directives-compliance/,usa,200.0
