title,authors,doi,source,year,keywords,database_source
Automated Security Testing Using CI/CD Pipeline,Shravani DeshmukhRushikesh PatilSatish Narkhede,10.1007/978-981-96-5751-3_16,ICT: Applications and Social Interfaces,2025,,springerlink
CI/CD Pipeline in Cloud-Native DevOps,Mohammed Ilyas Ahmed,10.1007/979-8-8688-0407-6_4,Cloud-Native DevOps,2024,,springerlink
Continuous Integration (CI) and Continuous Delivery (CD),Henry van Merode,10.1007/978-1-4842-9228-0,,2023,,springerlink
DevSecOps practices and tools,Luís PratesRúben Pereira,10.1007/s10207-024-00914-z,International Journal of Information Security,2024,,springerlink
DevSecOps Integration in Supply Chain Security,Aamiruddin Syed,10.1007/979-8-8688-0799-2_5,Supply Chain Software Security,2024,,springerlink
Natural Gas Pipeline Security in Central Asia,András Molnár,10.1007/978-3-319-74319-6_584,The Palgrave Encyclopedia of Global Security Studies,2023,,springerlink
From LLMOps to DevSecOps for GenAI,Ken HuangVishwas ManralWickey Wang,10.1007/978-3-031-54252-7_8,Generative AI Security,2024,,springerlink
DevSecOps for Web3,Ken Huang,10.1007/978-3-031-39288-7_7,A Comprehensive Guide for Web3 Security,2023,,springerlink
On the need to monitor continuous integration practices,Jadson SantosDaniel Alencar da CostaShane McIntoshUirá Kulesza,10.1007/s10664-025-10682-6,Empirical Software Engineering,2025,,springerlink
"Implementing “DevSecOps as a Culture”—The Concept, Benefits, Execution Strategies, and Challenges",Sairaj S. LumpatkiSwapnaja PatwardhanMukul Kulkarni,10.1007/978-981-97-1326-4_16,Smart Trends in Computing and Communications,2024,,springerlink
DevOps Security (DevSecOps),Osama Mustafa,10.1007/978-1-4842-9303-4_8,A Complete Guide to DevOps with AWS,2023,,springerlink
From DevOps to DevSecOps is not enough. CyberDevOps: an extreme shifting-left architecture to bring cybersecurity within software security lifecycle pipeline,Federico LombardiAlberto Fanton,10.1007/s11219-023-09619-3,Software Quality Journal,2023,,springerlink
AI-driven cybersecurity framework for software development based on the ANN-ISM paradigm,Habib Ullah KhanRafiq Ahmad KhanHathal S. AlwageedAlaa Omran AlmagrabiSarra AyouniMohamed Maddeh,10.1038/s41598-025-97204-y,Scientific Reports,2025,,springerlink
Best Practices for Application Security,Aamiruddin Syed,10.1007/979-8-8688-0799-2_4,Supply Chain Software Security,2024,,springerlink
Using Secure Infrastructure of Unmanned Intelligent Systems to Support Mine Clearance,Bohdan KosarevskyiArtem Tetskyi,10.1007/978-3-031-94845-9_41,Integrated Computer Technologies in Mechanical Engineering - 2024,2025,,springerlink
Software Development Security,Mohamed Aly Bouke,10.1007/979-8-8688-0057-3_10,CISSP Exam Certification Companion,2023,,springerlink
Automated NFR testing in continuous integration environments: a multi-case study of Nordic companies,Liang YuEmil AlégrothPanagiota ChatzipetrouTony Gorschek,10.1007/s10664-023-10356-1,Empirical Software Engineering,2023,,springerlink
Securing IoT-Driven Supply Chains,Aamiruddin Syed,10.1007/979-8-8688-0799-2_7,Supply Chain Software Security,2024,,springerlink
Enterprise Cloud Native Automation,Shivakumar R Goniwada,10.1007/978-1-4842-7226-8_14,Cloud Native Architecture and Design,2022,,springerlink
Towards deep learning enabled cybersecurity risk assessment for microservice architectures,Majid AbdulsatarHussain AhmadDiksha GoelFaheem Ullah,10.1007/s10586-024-05092-0,Cluster Computing,2025,,springerlink
Cloud-Native Maturity Models,Dr. Mehdi Ghane,10.1007/979-8-8688-1258-3_3,Observability Engineering with Cilium,2025,,springerlink
Investigations into Secure IaC Practices,Keerthi NeharikaRuth G. Lennon,10.1007/978-981-19-1610-6_25,Proceedings of Seventh International Congress on Information and Communication Technology,2023,,springerlink
Design and Deploy Azure IoT Security,Puthiyavan UdayakumarDr. R Anandan,10.1007/979-8-8688-0908-8_4,Design and Deploy IoT Network & Security with Microsoft Azure,2024,,springerlink
Generating Robot Framework Code with LLM Models: A RAG-Based Approach,Anıl SezginGürkan ÖzkanEsra Coşgun,10.1007/978-3-031-97992-7_65,Intelligent and Fuzzy Systems,2025,,springerlink
Overview of Microservices,Sumit BhatnagarRoshan Mahant,10.1007/979-8-8688-1267-5_2,The Art of Decoding Microservices,2025,,springerlink
Natural Gas Pipeline Security in Central Asia,András Molnár,10.1007/978-3-319-74336-3_584-1,The Palgrave Encyclopedia of Global Security Studies,2020,,springerlink
Pipeline Design,Henry van Merode,10.1007/978-1-4842-9228-0_4,Continuous Integration (CI) and Continuous Delivery (CD),2023,,springerlink
Designing for “-ilities”,Shivakumar R Goniwada,10.1007/978-1-4842-7226-8_9,Cloud Native Architecture and Design,2022,,springerlink
Threats and Vulnerabilities in Web Applications and How to Avoid Them,Zlatko Čović,10.1007/978-3-031-47990-8_9,Critical Infrastructure Protection in the Light of the Armed Conflicts,2024,,springerlink
Securing Microservices with Istio,Prashanth JosyulaKaranbir SinghAnupam Mehta,10.1007/979-8-8688-1573-7_5,Practical Istio,2025,,springerlink
Process Changes,Chandra Rajasekharaiah,10.1007/978-1-4842-6564-2_5,Cloud-Based Microservices,2021,,springerlink
A Proposal of a Supply Chain Security Model for Generative AI,Keun Young LeeJiyeon Yoo,10.1007/978-981-96-1624-4_25,Information Security Applications,2025,,springerlink
Where Do Developers Admit their Security-Related Concerns?,Moritz MockThomas ForrerBarbara Russo,10.1007/978-3-031-72781-8_21,Agile Processes in Software Engineering and Extreme Programming – Workshops,2025,,springerlink
Demystifying the Cloud-Native Computing Paradigm,Chellammal SurianarayananPethuru Raj Chelliah,10.1007/978-3-031-32044-6_12,Essentials of Cloud Computing,2023,,springerlink
Build Automated Pipeline,Taras Gleb,10.1007/978-1-4842-7252-7_8,Systematic Cloud Migration,2021,,springerlink
Introduction: Why Evolve from Infrastructure to Innovation with SAP on AWS?,Bidwan BaruahKrishnakumar RamadossAbarajith Vivekanandha,10.1007/979-8-8688-0890-6_1,Evolve from Infrastructure to Innovation with SAP on AWS,2024,,springerlink
Securing Open Systems,Sachin RatheeAmol Chobe,10.1007/978-1-4842-8127-7_4,Getting Started with Open Source Technologies,2022,,springerlink
Adaptive Cyber Defense,Partha PalMichael Atighetchi,10.1007/978-3-030-71522-9_1773,"Encyclopedia of Cryptography, Security and Privacy",2025,,springerlink
Foundations of Microservices and APIs,Dileep Kumar PandiyaNilesh Charankar,10.1007/979-8-8688-1306-1_2,AI and Microservices,2025,,springerlink
GitHub Enterprise Organization Management and Administration,Balu Nivrutti IlagAjayKumar P. BaljoshiGanesh J. SangaleYogesh Athave,10.1007/979-8-8688-0369-7_6,Mastering GitHub Enterprise Management and Administration,2024,,springerlink
Understanding the Importance of Data/Application Security,Pushpa Herath,10.1007/978-1-4842-7860-4_1,Azure Cloud Security for Absolute Beginners,2022,,springerlink
Natural Gas as a Means of Influence,Péter MartonKatarina Sárvári,10.1007/978-3-319-74319-6_640,The Palgrave Encyclopedia of Global Security Studies,2023,,springerlink
GenAI Application Level Security,Ken HuangGrace HuangAdam DawsonDaniel Wu,10.1007/978-3-031-54252-7_7,Generative AI Security,2024,,springerlink
Impact of Oil and Gas Exploration and Infrastructure in Niger Delta on the United Nations Sustainable Development Goals,Abdul L. Abraham Jatto,10.1007/978-3-031-56932-6_4,Oil and Gas Pipeline Infrastructure Insecurity,2024,,springerlink
Trends for the DevOps Security. A Systematic Literature Review,Tiina LeppänenAnne HonkarantaAndrei Costin,10.1007/978-3-031-11510-3_12,Business Modeling and Software Design,2022,,springerlink
"A Review on&#xa0;Interplay of&#xa0;AutoML and&#xa0;MLOps “AutoMLOps”: Current State, Challenges, and&#xa0;Future Scope",Kuldeep SinghAnurag GoswamiSonal Kukreja,10.1007/978-981-96-3247-3_9,Proceedings of Fourth International Conference on Computing and Communication Networks,2025,,springerlink
Threat Analysis for Cloud-Native Deployments,Mohammed Ilyas Ahmed,10.1007/979-8-8688-0407-6_9,Cloud-Native DevOps,2024,,springerlink
How to Adapt and Implement a Large-Scale Agile Framework in Your Organization,Sascha Block,10.1007/978-3-662-67782-7_4,Large-Scale Agile Frameworks,2023,,springerlink
Microservices Architecture and Design,Shivakumar R Goniwada,10.1007/978-1-4842-7226-8_5,Cloud Native Architecture and Design,2022,,springerlink
Security-centric node identification in complex networks,Lanying LiuNing DuDuyong Sheng,10.1038/s41598-025-00360-4,Scientific Reports,2025,,springerlink
Localization of underground pipeline intrusion sources using cross-correlation CNN: application in pile-driving model test,Fu ChaiBiao ZhouXiongyao XieZixin ZhangJianyong Han,10.1007/s43503-024-00037-3,AI in Civil Engineering,2024,,springerlink
Network Policy Enforcement in&#xa0;Cloud-Native Environments,Pedro R. TomasSofia SilvaMarco NetoJorge ProençaLuis RosaLuis CordeiroTarik TalebTiago Cruz,10.1007/978-3-031-97317-8_15,Artificial Intelligence Applications and Innovations. AIAI 2025 IFIP WG 12.5 International Workshops,2025,,springerlink
Prediction of Remaining Life of City Gas Pipelines Based on Decision Tree Classification Algorithm,Yang ZhaoXiaoxu  ChenTao  YanMeili Liu,10.1007/978-981-97-4121-2_13,"Proceedings of Innovative Computing 2024, Vol. 3",2024,,springerlink
"Data pipeline approaches in serverless computing: a taxonomy, review, and research trends",Zahra Shojaee RadMostafa Ghobaei-Arani,10.1186/s40537-024-00939-0,Journal of Big Data,2024,,springerlink
Introduction: Dimensions of Cloud Security,Sagar Lad,10.1007/978-1-4842-8936-5_1,Azure Security For Critical Workloads,2023,,springerlink
ICITPM: Integrity Validation of Software in Iterative Continuous Integration Through the Use of Trusted Platform Module (TPM),Antonio MuñozAristeidis FaraoJordy Ryan Casas CorreiaChristos Xenakis,10.1007/978-3-030-66504-3_9,Computer Security,2020,,springerlink
Product Development: A Synergy of Teams and Techniques,Gaurav SagarVitalii Syrovatskyi,10.1007/978-1-4842-8658-6_1,Technical Building Blocks,2022,,springerlink
Ctam: A Tool for Continuous Threat Analysis and Management,Laurens SionDimitri Van LanduytKoen YskoutStef VerreydtWouter Joosen,10.1007/978-3-031-42212-6_7,CyberSecurity in a DevOps Environment,2024,,springerlink
A Systematic Review on Game-Theoretic Models and Different Types of Security Requirements in Cloud Environment: Challenges and Opportunities,Komal Singh GillAnju SharmaSharad Saxena,10.1007/s11831-024-10095-6,Archives of Computational Methods in Engineering,2024,,springerlink
Operate and Monitor,Henry van Merode,10.1007/978-1-4842-9228-0_8,Continuous Integration (CI) and Continuous Delivery (CD),2023,,springerlink
Best Practices in Kubernetes,Grzegorz StencelLuca Berton,10.1007/979-8-8688-1325-2_13,Kubernetes Recipes,2025,,springerlink
Adaptive Cyber Defense,Partha PalMichael Atighetchi,10.1007/978-3-642-27739-9_1773-1,"Encyclopedia of Cryptography, Security and Privacy",2023,,springerlink
Decentralized Finance: Exploring the Dynamics of Blockchain in Peer-to-Peer Lending Platform,Rohini PiseSonali Patil,10.1007/978-981-96-5848-0_51,Proceedings of the International Conference on Smart Cities - Volume 2,2025,,springerlink
IoT Product Team,Venkatesh Upadrista,10.1007/978-1-4842-7271-8_13,IoT Standards with Blockchain,2021,,springerlink
Integration of Security Standards in DevOps Pipelines: An Industry Case Study,Fabiola MoyónRafael SoaresMaria Pinto-AlbuquerqueDaniel MendezKristian Beckers,10.1007/978-3-030-64148-1_27,Product-Focused Software Process Improvement,2020,,springerlink
Examining the&#xa0;Privacy and&#xa0;Security of&#xa0;Mobile Refugee Applications,Marc ZirilloShannon AvizaMarlon CruzHalie LeeGrace LaMalvaAmanda GalvezDenise DragosSuzanna Schmeelk,10.1007/978-3-031-62273-1_26,Intelligent Computing,2024,,springerlink
Virtualizing Network Functions in Cloud and Telecom Core Networks,Anil Kumar Rangisetti,10.1007/979-8-8688-0497-7_4,Future Networking Essentials,2024,,springerlink
Challenges and Considerations,Dileep Kumar PandiyaNilesh Charankar,10.1007/979-8-8688-1306-1_10,AI and Microservices,2025,,springerlink
"Transition, Runbook and Disaster Recovery",Taras Gleb,10.1007/978-1-4842-7252-7_9,Systematic Cloud Migration,2021,,springerlink
DevSecOps for .NET Core,Afzaal Ahmad Zeeshan,10.1007/978-1-4842-5850-7,,2020,,springerlink
Research on multi-dimensional reconstruction mechanism of cloud native full link in the metaverse scenario,Shuo Sheng,10.1038/s41598-023-48724-y,Scientific Reports,2023,,springerlink
Cyber Security Awareness Requirements for Operational Technology Systems,Tim EllisDavid BalensonMichael Locasto,10.1007/978-3-030-93511-5_2,Critical Infrastructure Protection XV,2022,,springerlink
Liquefied Natural Gas (LNG),Yuanyuan Chen,10.1007/978-3-319-74319-6_509,The Palgrave Encyclopedia of Global Security Studies,2023,,springerlink
A Review of Pilotless Vehicles,Boris ShishkovGabriela Garvanova,10.1007/978-3-031-49263-1_11,Telecommunications and Remote Sensing,2023,,springerlink
Defining a Secure Software Process,Susan Lincke,10.1007/978-3-031-43118-0_22,Information Security Planning,2024,,springerlink
R-MDP: A Game Theory Approach for&#xa0;Fault-Tolerant Data and&#xa0;Service Management in&#xa0;Crude Oil Pipelines Monitoring Systems,Safuriyawu AhmedFrédéric Le MouëlNicolas StoulsJilles S. Dibangoye,10.1007/978-3-031-34776-4_3,"Mobile and Ubiquitous Systems: Computing, Networking and Services",2023,,springerlink
Centrifuge tests on the deformation law of pipelines crossing slopes with different water contents,Haidong JiaMing YangLianshuang DaiYongbing QueDongyuan WangZhifeng YuYu ZhaoWenjun HuJunkai XuJunfeng Tang,10.1038/s41598-024-70372-z,Scientific Reports,2024,,springerlink
Energy Security (Dilemmas),Martin Scott Catino,10.1007/978-3-319-74319-6_498,The Palgrave Encyclopedia of Global Security Studies,2023,,springerlink
Performance Observability in Kubernetes,Grzegorz StencelLuca Berton,10.1007/979-8-8688-1325-2_9,Kubernetes Recipes,2025,,springerlink
AI Techniques for Signal Processing in Optical Fiber Sensors,Jyoti Katyal,10.1007/978-981-96-6158-9_4,Optical Fiber Sensors and AI,2025,,springerlink
Cloud Security Responsibilities and the AWS Security Ecosystem,Syed Rehan,10.1007/979-8-8688-1554-6_2,Cybersecurity with AWS,2025,,springerlink
"The DAWN Framework: Integrating SDN, NFV, and Machine Learning for Enhanced DDoS Resistance",Aisha LalliAspen OlmstedArti Tripathi,10.1007/978-981-97-8074-7_17,Artificial Intelligence and Applications,2025,,springerlink
Applying a&#xa0;Prompt Pattern Sequence for&#xa0;Decision-Making in&#xa0;Microservices Architectures,João José Maranhão JuniorJorge MelegatiEduardo Guerra,10.1007/978-3-031-84617-5_2,Service-Oriented and Cloud Computing,2025,,springerlink
iALBMAD: an improved agile-based layered approach for mobile app development,Anil PatidarUgrasen Suman,10.1007/s10515-025-00520-w,Automated Software Engineering,2025,,springerlink
Towards 6G-Enabled Edge-Cloud Continuum Computing – Initial Assessment,Jaydip KumarJitendra K SamriyaMarek BolanowskiAndrzej PaszkiewiczWiesław PawłowskiMaria GanzhaKatarzyna Wasielewska-MichniewskaBartłomiej Solarz-NiesłuchowskiMarcin PaprzyckiIgnacio Lacalle ÚbedaCarlos E. Palau,10.1007/978-3-031-25088-0_1,Advanced Communication and Intelligent Systems,2023,,springerlink
Cloud Security,Dr. Jason Edwards,10.1007/979-8-8688-0297-3_8,Mastering Cybersecurity,2024,,springerlink
Discussion and Conclusion,Abdul L. Abraham Jatto,10.1007/978-3-031-56932-6_8,Oil and Gas Pipeline Infrastructure Insecurity,2024,,springerlink
Navigating the GenAI Security Landscape,Ken HuangJyoti PonnapalliJeff TantsuraKevin T. Shin,10.1007/978-3-031-54252-7_2,Generative AI Security,2024,,springerlink
Enhancing Microservice Security Through Middleware Architecture: A Machine Learning Approach,Yong Deng,10.1007/978-981-96-6462-7_26,Information Processing and Network Provisioning,2025,,springerlink
Engineering Applications in Typical Fields of ESS Empowerment,Jiangxing Wu,10.1007/978-981-97-0116-2_7,Cyber Resilience System Engineering Empowered by Endogenous Security and Safety,2024,,springerlink
Failure Analysis of the Leakage and Ignition of an Oil–Gas Mixture Transportation Pipeline,C. L. SongX. B. LiuX. PanQ. G. ChenP. WangY. Fang,10.1007/s11668-021-01279-4,Journal of Failure Analysis and Prevention,2021,,springerlink
From “Free” to “Open Source” to Products,Gordon Haff,10.1007/978-1-4842-6800-1_2,How Open Source Ate Software,2021,,springerlink
Extending Istio with Custom Plugins,Prashanth JosyulaKaranbir SinghAnupam Mehta,10.1007/979-8-8688-1573-7_9,Practical Istio,2025,,springerlink
Hyperledger Fabric-Powered Network Slicing Handover Authentication,Igugu Tshisekedi EtienneMuhammad FirdausCho Nwe Zin LattSiwan NohKyung-Hyune Rhee,10.1007/s10796-024-10564-0,Information Systems Frontiers,2024,,springerlink
Secure File Transfer Management: Leveraging Special Group ID for User-To-User Communication in Linux,R. LokeshwariM. Naveen KumarK. S. Jasmine,10.1007/978-981-96-4679-1_32,Advances in Communication and Applications,2025,,springerlink
"A&#xa0;survey of cybersecurity laws, regulations, and policies in technologically advanced nations: a&#xa0;case study of Pakistan to bridge the gap",Bilal SaleemMusferah AhmedMaila ZahraFarhan HassanMuhammad Asif IqbalZia Muhammad,10.1365/s43439-024-00128-y,International Cybersecurity Law Review,2024,,springerlink
A hierarchical model for quantifying software security based on static analysis alerts and software metrics,Miltiadis SiavvasDionysios KehagiasDimitrios TzovarasErol Gelenbe,10.1007/s11219-021-09555-0,Software Quality Journal,2021,,springerlink
Organizing and Managing the Development Process,Bert de Brock,10.1007/978-3-031-16862-8_7,Developing Information Systems Accurately,2023,,springerlink
The Effect of Oil and Gas Activities on Pipeline Vandalism: The Perspectives of Professional Operators,Abdul L. Abraham Jatto,10.1007/978-3-031-56932-6_6,Oil and Gas Pipeline Infrastructure Insecurity,2024,,springerlink
Research on Automated Management Method for Full Cycle of Operating System Mirrors Based on Multi Objective Optimization,Xiang LuYang SuXuan Yu,10.1007/978-981-96-8007-8_10,"Innovative Computing 2025, Volume 3",2025,,springerlink
Reduce Cyber Security Vulnerabilities: IaaS and Data,Marshall CopelandMatthew Jacobs,10.1007/978-1-4842-6531-4_3,Cyber Security on Azure,2021,,springerlink
Introduction to Agile and DevOps,Navin SabharwalRaminder RathoreUdita Agrawal,10.1007/978-1-4842-7505-4_3,Hands-On Guide to AgileOps,2022,,springerlink
Simplify and Rationalize IT and Security,Dan Blum,10.1007/978-1-4842-5952-8_7,Rational Cybersecurity for Business,2020,,springerlink
Cloud Migration Fundamentals,Taras Gleb,10.1007/978-1-4842-7252-7_2,Systematic Cloud Migration,2021,,springerlink
A-ESA Modeling Styles,Sean (Chunhong) Gu,10.1007/979-8-8688-0992-7_5,Mastering Enterprise Solution Modeling,2024,,springerlink
The Writing on the Wall: The Demise of Said bin Taymur,Tancred Bradshaw,10.1007/978-3-031-75472-2_9,"Britain and Oman, c. 1945–1980",2025,,springerlink
Secure and Sustainable Software Engineering Framework and Best Practices for Blockchain Applications,Muthu Ramachandran,10.1007/978-981-96-4360-8_8,Blockchain Engineering,2025,,springerlink
API Governance,Brajesh De,10.1007/979-8-8688-0054-2_12,API Management,2023,,springerlink
The GRaViTY Framework,Sven Matthias Peldszus,10.1007/978-3-658-37665-9_14,Security Compliance in Model-driven Development of Software Systems in Presence of Long-Term Evolution and Variants,2022,,springerlink
Security Threats and Defensive Approaches in Machine Learning System Under Big Data Environment,Chen HongsongZhang YongpengCao YongruiBharat Bhargava,10.1007/s11277-021-08284-8,Wireless Personal Communications,2021,,springerlink
Multisensor data fusion-based structural health monitoring for buried metallic pipelines under complicated stress states,Minghao LiXin Feng,10.1007/s13349-022-00609-w,Journal of Civil Structural Health Monitoring,2022,,springerlink
Research on Integrated Solution of Mobile Application Development and Operation in Electric Power Enterprise,Jia-xin WangXiao-guang HuangBo HuYing Li,10.1007/978-3-030-70665-4_45,"Advances in Natural Computation, Fuzzy Systems and Knowledge Discovery",2021,,springerlink
Securing Build Systems for DevOps,Afzaal Ahmad Zeeshan,10.1007/978-1-4842-5850-7_5,DevSecOps for .NET Core,2020,,springerlink
The Anatomy of Supply Chain Applications,Aamiruddin Syed,10.1007/979-8-8688-0799-2_3,Supply Chain Software Security,2024,,springerlink
Scale,Caroline LewkoJames Parton,10.1007/978-1-4842-7164-3_21,Developer Relations,2021,,springerlink
AI Infrastructure,Dhiman Deb Chowdhury,10.1007/978-3-031-71440-5_8,Future of Networks,2025,,springerlink
Introduction,Abdul L. Abraham Jatto,10.1007/978-3-031-56932-6_1,Oil and Gas Pipeline Infrastructure Insecurity,2024,,springerlink
Predictive digital twin driven trust model for cloud service providers with Fuzzy inferred trust score calculation,Jomina JohnJohn Singh K,10.1186/s13677-024-00694-w,Journal of Cloud Computing,2024,,springerlink
A Novel Approach for Semantic Microservices Description and Discovery Toward Smarter Applications,Chellammal SurianarayananGopinath GanapathyPethuru Raj Chelliah,10.1007/978-981-16-9650-3_7,Machine Intelligence and Smart Systems,2022,,springerlink
Understanding security tactics in microservice APIs using annotated software architecture decomposition models – a controlled experiment,Patric GenferSouhaila SerboutGeorg SimhandlUwe ZdunCesare Pautasso,10.1007/s10664-024-10601-1,Empirical Software Engineering,2025,,springerlink
What Is Azure Arc?,Ramona Maxwell,10.1007/978-1-4842-9480-2_2,Azure Arc Systems Management,2024,,springerlink
Corrosion inhibition performance of synergistic inhibitors on Q235 steel in methanol/formic acid medium,Jia WangJinyan LiuQian LiuYao Chong,10.1007/s10853-022-07629-3,Journal of Materials Science,2022,,springerlink
Visualization of&#xa0;Software Development Provenance,Andreas SchreiberLynn von KurnatowskiAnnika MeineckeClaas de Boer,10.1007/978-3-031-60114-9_10,Human Interface and the Management of Information,2024,,springerlink
Overview of Benefits of Arc in the Enterprise,Ramona Maxwell,10.1007/978-1-4842-9480-2_3,Azure Arc Systems Management,2024,,springerlink
Prioritizing refactorings for security-critical code,Chaima AbidVahid AlizadehMarouane KessentiniMouna DhaouadiRick Kazman,10.1007/s10515-021-00281-2,Automated Software Engineering,2021,,springerlink
Static Security Compliance Checks,Sven Matthias Peldszus,10.1007/978-3-658-37665-9_8,Security Compliance in Model-driven Development of Software Systems in Presence of Long-Term Evolution and Variants,2022,,springerlink
The Mexican Context,Samuel León Sáez,10.1007/978-3-031-70503-8_3,Mexico's Fuel Trafficking Phenomenon,2025,,springerlink
Edge computing,Jorge PérezJessica DíazJavier BerrocalRamón López-VianaÁngel González-Prieto,10.1007/s00607-022-01104-2,Computing,2022,,springerlink
Modern Software Engineering,Afzaal Ahmad Zeeshan,10.1007/978-1-4842-5850-7_1,DevSecOps for .NET Core,2020,,springerlink
Planning and Preparing for AVD,Puthiyavan Udayakumar,10.1007/978-1-4842-7796-6_2,Design and Deploy Microsoft Azure Virtual Desktop,2022,,springerlink
Implementing Comprehensive Security in Your Software Supply Chain,Aamiruddin Syed,10.1007/979-8-8688-0799-2_9,Supply Chain Software Security,2024,,springerlink
Introduction to IaC and Terraform,Ivy Wang,10.1007/979-8-8688-1010-7_1,Terraform Made Easy,2024,,springerlink
The Challenges of Enterprise-Scale Hybrid and Multi-cloud Architectures,Ramona Maxwell,10.1007/978-1-4842-9480-2_1,Azure Arc Systems Management,2024,,springerlink
Optimizing test case prioritization through ranked NSGA-2 for enhanced fault sensitivity analysis,Kamal GargShashi Shekhar,10.1007/s11334-024-00561-6,Innovations in Systems and Software Engineering,2024,,springerlink
DevOps with Security,Afzaal Ahmad Zeeshan,10.1007/978-1-4842-5850-7_2,DevSecOps for .NET Core,2020,,springerlink
"Software Product System Model: A Customer-Value Oriented, Adaptable, DevOps-Based Product Model",Haluk AltunelBilge Say,10.1007/s42979-021-00899-9,SN Computer Science,2021,,springerlink
On the Empirical Validation of a Zero Trust Security Framework via Group Support System Research,Yuri Bobbert,10.1007/978-3-031-18458-1_24,"Proceedings of the Future Technologies Conference (FTC) 2022, Volume 2",2023,,springerlink
The Eastern Mediterranean Disputes in the RoC’s Foreign Policy: A Socio-Psychological Account,Emine Eminel Sülün,10.1007/978-3-030-91177-5_8,The Foreign Policy of the Republic of Cyprus,2022,,springerlink
Natural Gas as a Means of Influence,Péter MartonKatarina Sárvári,10.1007/978-3-319-74336-3_640-1,The Palgrave Encyclopedia of Global Security Studies,2020,,springerlink
A systematic review on blockchain-based access control systems in cloud environment,Aarti PuniaPreeti GuliaNasib Singh GillEbuka IbekeCelestine IwendiPiyush Kumar Shukla,10.1186/s13677-024-00697-7,Journal of Cloud Computing,2024,,springerlink
Guide 10: Debugging and Troubleshooting TYPO3,Felicity BrandHeather McNameeJeffrey A. McGuire,10.1007/978-1-4842-6525-3_14,The TYPO3 Guidebook,2021,,springerlink
Data Preprocessing Technology in Pipeline Health Monitoring,Hongfang LuZhao-Dong XuTom IseleyHaoyan PengLingdi Fu,10.1007/978-981-19-6798-6_5,Pipeline Inspection and Health Monitoring Technology,2023,,springerlink
Requirements Engineering for Blockchain Applications in Healthcare,Muthu Ramachandran,10.1007/978-981-96-4360-8_9,Blockchain Engineering,2025,,springerlink
Cloud Empowered Real-Time Virtual Manufacturing Systems,Sourabh DaniAkhlaqur RahmanJiong JinAmbarish Kulkarni,10.1007/978-981-4585-87-3_46-1,Handbook of Real-Time Computing,2022,,springerlink
The NetSage measurement and analysis framework in practice,Jennifer M. SchopfKatrina TurnerDan DoyleAndrew LakeJason LeighBrian L. Tierney,10.1007/s10586-021-03417-x,Cluster Computing,2021,,springerlink
Cloud Empowered Real-Time Virtual 3 Manufacturing Systems,Sourabh DaniAkhlaqur RahmanJiong JinAmbarish Kulkarni,10.1007/978-981-287-251-7_46,Handbook of Real-Time Computing,2022,,springerlink
Disaster reduction stick equipment: A method for monitoring and early warning of pipeline-landslide hazards,Yan YanDa-shen YangDong-xian GengSheng HuZi-ang WangWang HuShu-yao Yin,10.1007/s11629-019-5613-6,Journal of Mountain Science,2019,,springerlink
"Architectural views for social robots in public spaces: business, system, and security strategies",Samson OrumaRicardo Colomo-PalaciosVasileios Gkioulos,10.1007/s10207-024-00924-x,International Journal of Information Security,2024,,springerlink
Performance Monitoring and Debugging,Sivaraj Selvaraj,10.1007/978-1-4842-9789-6_12,Building Real-Time Marvels with Laravel,2024,,springerlink
General Principles,Frank J. Furrer,10.1007/978-3-658-37182-1_9,Safety and Security of Cyber-Physical Systems,2022,,springerlink
The Importance of Pipeline Transportation,Sina RazvarzRaheleh JafariAlexander Gegov,10.1007/978-3-030-59246-2_1,Flow Modelling and Control in Pipeline Systems,2021,,springerlink
"Performance, portability, productivity, and security in HPC cloud: a systematic literature review",Mandeep KumarGagandeep KaurPrashant Singh Rana,10.1007/s11227-025-07685-x,The Journal of Supercomputing,2025,,springerlink
Analytical solution for upheaval buckling of shallow buried pipelines in inclined cohesionless soil,Bo HuangJing-wen LiuJi-ying FanDao-sheng Ling,10.1631/jzus.A2000275,Journal of Zhejiang University-SCIENCE A,2021,,springerlink
A risk and conformity assessment framework to ensure security and resilience of healthcare systems and medical supply chain,Kitty KioskliElisavet GrigoriouShareeful IslamAndrianos M. YiorkasLoizos ChristofiHaralambos Mouratidis,10.1007/s10207-025-01009-z,International Journal of Information Security,2025,,springerlink
Microsoft Azure and Cloud Computing,Julian SohMarshall CopelandAnthony PucaMicheleen Harris,10.1007/978-1-4842-5958-0_1,Microsoft Azure,2020,,springerlink
The Changing Landscape of Oil Insurgency,Obasesam Okoi,10.1007/978-3-030-86327-2_5,Punctuated Peace in Nigeria’s Oil Region,2021,,springerlink
Measuring sustainable development of intelligent tourism service system: analysis on the user’s intention,Yao Zhao,10.1007/s11356-023-25868-y,Environmental Science and Pollution Research,2023,,springerlink
Specializations in Software Engineering Education,Anthony I. (Tony) Wasserman,10.1007/978-3-031-48639-5_1,Frontiers in Software Engineering Education,2023,,springerlink
Using Clean Architecture Principles to Improve the Design and Implementation of the Mobiles Online Platform,T. RachovskiS. HadzhikolevaE. HadzhikolevA. Lengerov,10.1007/978-981-16-7657-4_2,Proceedings of Second International Conference on Sustainable Expert Systems,2022,,springerlink
Building an OWL Ontology Step By Step for Lean-Based Software Development,Sandra Gutierrez-RiosJosé Manuel Gómez PulidoMiguel Vargas-Lombardo,10.1007/978-3-030-71503-8_46,Applied Technologies,2021,,springerlink
Cost Optimization in MLOps,Neel SendasDeepali Rajale,10.1007/979-8-8688-1076-3_7,The Definitive Guide to Machine Learning Operations in AWS,2024,,springerlink
Additional Workload Architectural Considerations,Jeremy Lloyd,10.1007/978-1-4842-8820-7_27,Infrastructure Leader’s Guide to Google Cloud,2023,,springerlink
SmartTrust: a hybrid deep learning framework for real-time threat detection in cloud environments using Zero-Trust Architecture,Umesh Kumar LilhoreSarita SimaiyaRoobaea AlroobaeaAbdullah M. BaqasahMajed AlsafyaniAfnan AlhazmiMd Monish Khan,10.1186/s13677-025-00764-7,Journal of Cloud Computing,2025,,springerlink
Technological Catalysts in Innovation&#xa0;Strategy Implementation,Philipp FutterknechtTobias Hertfelder,10.1007/978-3-658-41601-0_6,"Data, Disruption & Digital Leadership",2023,,springerlink
"The Politics of Water Rights: Scarcity, Sovereignty and Security",Avi BrismanBill McClanahanNigel SouthReece Walters,10.1007/978-3-030-44798-4_2,"Water, Governance, and Crime Issues",2020,,springerlink
The Integration of Compliance with Protective Security (PS),Jim Seaman,10.1007/978-1-4842-6908-4_4,Protective Security,2021,,springerlink
Innovative Application of Big Data Technology in Southwest Pipeline Information System,Heng-Bin WangDong-Chao LiuYan Meng,10.1007/978-981-13-7127-1_60,Proceedings of the International Field Exploration and Development Conference 2018,2020,,springerlink
"Designing, Planning, and Prototyping a Google Cloud Network",Dario Cabianca,10.1007/978-1-4842-9354-6_2,Google Cloud Platform (GCP) Professional Cloud Network Engineer Certification Companion,2023,,springerlink
Liquefied Natural Gas (LNG),Yuanyuan Chen,10.1007/978-3-319-74336-3_509-1,The Palgrave Encyclopedia of Global Security Studies,2020,,springerlink
Atmospheric politics: protest drones and the ambiguity of airspace,Caren Kaplan,10.1057/s42984-020-00005-y,Digital War,2020,,springerlink
A Front-End Framework Selection Assistance System with Customizable Quantification Indicators Based on Analysis of Repository and Community Data,Koichi KiyokawaQun Jin,10.1007/978-3-030-96600-3_4,"Big-Data-Analytics in Astronomy, Science, and Engineering",2022,,springerlink
Automating Program Transformation with&#xa0;Coccinelle,Julia LawallGilles Muller,10.1007/978-3-031-06773-0_4,NASA Formal Methods,2022,,springerlink
Energy Security (Dilemmas),Martin Scott Catino,10.1007/978-3-319-74336-3_498-1,The Palgrave Encyclopedia of Global Security Studies,2020,,springerlink
An Empirical Investigation of Agile Information Systems Development for Cybersecurity,Abdulhamid A. ArdoJulian M. BassTarek Gaber,10.1007/978-3-030-95947-0_40,Information Systems,2022,,springerlink
Testing in DevOps,Frank Faber,10.1007/978-3-030-29509-7_3,The Future of Software Quality Assurance,2020,,springerlink
Geopolitics and Gas-Transit Security Through Pipelines,Volkan Ş. EdigerJohn V. BowlusMustafa Aydın,10.1007/978-3-030-32296-0_6,Regulations in the Energy Industry,2020,,springerlink
Task-Specific Automation in Deep Learning Processes,Georg BuchgeherGerald CzechAdriano Souza RibeiroWerner KloihoferPaolo MeloniPaola BusiaGianfranco DeriuMaura PintorBattista BiggioCristina ChestaLuca RinelliDavid SolansManuel Portela,10.1007/978-3-030-87101-7_16,Database and Expert Systems Applications - DEXA 2021 Workshops,2021,,springerlink
"Nigeria: Militancy, Insurgency and the Proliferation of Small Arms and Light Weapon",Freedom Chukwudi OnuohaJoachim Chukwuma OkaforOsinimu Osebeba Femi-Adedayo,10.1007/978-3-030-62183-4_37,The Palgrave Handbook of Small Arms and Conflicts in Africa,2021,,springerlink
Performance Testing Tasks,Keith Yorkston,10.1007/978-1-4842-7255-8_4,Performance Testing,2021,,springerlink
A Review on Different Pipeline Defect Detection Techniques,Sina RazvarzRaheleh JafariAlexander Gegov,10.1007/978-3-030-59246-2_2,Flow Modelling and Control in Pipeline Systems,2021,,springerlink
Patterns Related to Microservice Architecture: a Multivocal Literature Review,J. A. ValdiviaA. Lora-GonzálezX. LimónK. Cortes-VerdinJ.O. Ocharán-Hernández,10.1134/S0361768820080253,Programming and Computer Software,2020,,springerlink
AVS_FD_MVITS: an agile IT service design workflow for small data centers,Manuel MoraOlayele AdelakunPaola Yuritzy Reyes-DelgadoOswaldo Diaz,10.1007/s11227-023-05244-w,The Journal of Supercomputing,2023,,springerlink
Extracting Legitimacy: An Analysis of Corporate Responses to Accusations of Human Rights Abuses,Rajiv MaherMoritz NeumannMette Slot Lykke,10.1007/s10551-020-04678-z,Journal of Business Ethics,2021,,springerlink
"Virtualization, Cloudification, and Service Orientation of Network: A Systematic Review",Shuo QuanShen GaoJian-Song ZhangJie Wu,10.1007/s11390-024-4817-6,Journal of Computer Science and Technology,2025,,springerlink
"An Overview of Cybersecurity for Natural Gas Networks: Attacks, Attack Assessment, and Attack Detection",Zisheng WangBining ZhaoRick S. Blum,10.1007/978-3-030-67361-1_9,Security in Cyber-Physical Systems,2021,,springerlink
Safe Software and Secure Software,Frank J. Furrer,10.1007/978-3-658-37182-1_5,Safety and Security of Cyber-Physical Systems,2022,,springerlink
Standing for Stability in the Middle East: The Case of Iraq,Hatice Karahan,10.1007/978-3-030-50442-7_14,The Quest for a New International Aid Architecture,2020,,springerlink
Interviews and Case Studies,Dave HarrisonKnox Lively,10.1007/978-1-4842-4388-6_9,Achieving DevOps,2019,,springerlink
Manageable and Scalable Manufacturing IT Through an App Based Approach,Christian KnechtAndreas SchullerAndrei Miclaus,10.1007/978-3-030-20494-5_2,"Advances in Manufacturing, Production Management and Process Control",2020,,springerlink
Empirical Findings of Assessment of Critical Infrastructure Degree of Dependency on ICT,Uche Magnus MbanasoVictor Emmanuel Kulugh,10.1007/978-3-030-84842-2_1,Cybersecurity in Emerging Digital Era,2021,,springerlink
The Evolution of Cybersecurity within the American Financial Sector,Pierre-Luc PomerleauDavid L. Lowery,10.1007/978-3-030-54054-8_3,Countering Cyber Threats to Financial Institutions,2020,,springerlink
"Refining in Nigeria: history, challenges and prospects",Anthony Ogbuigwe,10.1007/s13203-018-0211-z,Applied Petrochemical Research,2018,,springerlink
SODALITE@RT: Orchestrating Applications on Cloud-Edge Infrastructures,Indika KumaraPaul MundtKamil TokmakovDragan RadolovićAlexander MaslennikovRomán Sosa GonzálezJorge Fernández FabeiroGiovanni QuattrocchiKalman MethElisabetta Di NittoDamian A. TamburriWillem-Jan Van Den HeuvelGeorgios Meditskos,10.1007/s10723-021-09572-0,Journal of Grid Computing,2021,,springerlink
Critical Infrastructures,Stefan RassStefan SchauerSandra KönigQuanyan Zhu,10.1007/978-3-030-46908-5_2,Cyber-Security in Critical Infrastructures,2020,,springerlink
Quality and Testing,Andrew Davis,10.1007/978-1-4842-5473-8_8,Mastering Salesforce DevOps,2019,,springerlink
"Principal Regional Hydrocarbon Actors: Turkey, Israel, Egypt and Northern Iraq (KRG)",Ozay MehmetVedat Yorucu,10.1007/978-3-030-43585-1_4,Modern Geopolitics of Eastern Mediterranean Hydrocarbons in an Age of Energy Transformation,2020,,springerlink
Design and Deploy Azure IoT Networks,Puthiyavan UdayakumarDr. R Anandan,10.1007/979-8-8688-0908-8_3,Design and Deploy IoT Network & Security with Microsoft Azure,2024,,springerlink
A Comparative Analysis Approach for Deriving Failure Scenarios in the Natural Gas Distribution Infrastructure,Michael LocastoDavid Balenson,10.1007/978-3-030-34647-8_2,Critical Infrastructure Protection XIII,2019,,springerlink
Digital Transformation to Next-Generation Workplaces,Shailesh Kumar Shivakumar,10.1007/978-1-4842-5512-4_8,Build a Next-Generation Digital Workplace,2020,,springerlink
The Abyss Stares Back,Dave HarrisonKnox Lively,10.1007/978-1-4842-4388-6_1,Achieving DevOps,2019,,springerlink
Management,Benjamin JakobusPedro Henrique Lobato SenaClaudio Souza,10.1007/978-1-4842-8719-4_3,Leadership Paradigms for Remote Agile Development,2022,,springerlink
"ENACT: Development, Operation, and Quality Assurance of Trustworthy Smart IoT Systems",Nicolas FerryArnor SolbergHui SongStéphane LavirotteJean-Yves TigliThierry WinterVictor Muntés-MuleroAndreas MetzgerErkuden Rios VelascoAmaia Castelruiz Aguirre,10.1007/978-3-030-06019-0_9,Software Engineering Aspects of Continuous Development and New Paradigms of Software Production and Deployment,2019,,springerlink
CAVAS: Neutralizing Application and Container Security Vulnerabilities in the Cloud Native Era,Kennedy A. TorkuraMuhammad I. H. SukmanaFeng ChengChristoph Meinel,10.1007/978-3-030-01701-9_26,Security and Privacy in Communication Networks,2018,,springerlink
"Out of sight, out of mind? How vulnerable dependencies affect open-source projects",Gede Artha Azriadi PranaAbhishek SharmaLwin Khin SharDarius FooAndrew E. SantosaAsankhaya SharmaDavid Lo,10.1007/s10664-021-09959-3,Empirical Software Engineering,2021,,springerlink
Chinese Foreign Policy: Formation and Implementation,Niall Duggan,10.1007/978-981-13-8813-2_5,Competition and Compromise among Chinese Actors in Africa,2020,,springerlink
In and Against the State: The Dynamics of Environmental Activism,Olivia HaslerReece WaltersRob White,10.1007/s10612-019-09432-0,Critical Criminology,2019,,springerlink
Designing and Planning with TYPO3,Felicity BrandHeather McNameeJeffrey A. McGuire,10.1007/978-1-4842-6525-3_2,The TYPO3 Guidebook,2021,,springerlink
Domestic and Global Logistics,Syed Abdul Rehman KhanZhang Yu,10.1007/978-3-030-15058-7_7,Strategic Supply Chain Management,2019,,springerlink
Besieging the Mountain,Dave HarrisonKnox Lively,10.1007/978-1-4842-4388-6_4,Achieving DevOps,2019,,springerlink
"The World with Future Technologies (Post-COVID-19): Open Issues, Challenges, and the Road Ahead",A. V. Shreyas MadhavAmit Kumar Tyagi,10.1007/978-981-16-6542-4_22,Intelligent Interactive Multimedia Systems for e-Healthcare Applications,2022,,springerlink
Digital Workplace Maintenance and Governance,Shailesh Kumar Shivakumar,10.1007/978-1-4842-5512-4_11,Build a Next-Generation Digital Workplace,2020,,springerlink
On using Stack Overflow comment-edit pairs to recommend code maintenance changes,Henry TangSarah Nadi,10.1007/s10664-021-09954-8,Empirical Software Engineering,2021,,springerlink
Orchestration from the Cloud to the Edge,Sergej SvorobejMalika BendechacheFrank GriesingerJörg Domaschka,10.1007/978-3-030-41110-7_4,The Cloud-to-Thing Continuum,2020,,springerlink
Robust optimization and mixed-integer linear programming model for LNG supply chain planning problem,Arun Kumar SangaiahErfan Babaee TirkolaeeAlireza GoliSaeed Dehnavi-Arani,10.1007/s00500-019-04010-6,Soft Computing,2019,,springerlink
Emergence of a Think Tank and a Rising Power on the World Stage: China Institute of International Studies,Longdi Xu,10.1007/978-3-319-60312-4_10,"Think Tanks, Foreign Policy and the Emerging Powers",2019,,springerlink
Security and Pipelines,Matthew Duffield,10.1007/978-1-4842-3402-0_4,Practical App Development with Aurelia,2018,,springerlink
"A conceptual framework for resilience: fundamental definitions, strategies and metrics",Jesper AnderssonVincenzo GrassiRaffaela MirandolaDiego Perez-Palacin,10.1007/s00607-020-00874-x,Computing,2020,,springerlink
Web Performance Monitoring and Infrastructure Planning,Shailesh Kumar Shivakumar,10.1007/978-1-4842-6528-4_7,Modern Web Performance Optimization,2020,,springerlink
"Software engineering techniques for statically analyzing mobile apps: research trends, characteristics, and potential for industrial adoption",Marco AutiliIvano MalavoltaAlexander PerucciGian Luca ScocciaRoberto Verdecchia,10.1186/s13174-021-00134-x,Journal of Internet Services and Applications,2021,,springerlink
Airline Application Security in the Digital Economy: Tackling Security Challenges for Distributed Applications in Lufthansa Systems,Balázs SomoskőiStefan SpahrErkuden RiosOscar RipollesJacek DominiakTamás CservenyPéter BálintPeter MatthewsEider IturbeVictor Muntés-Mulero,10.1007/978-3-319-95273-4_3,Digitalization Cases,2019,,springerlink
Going Atmospheric and Elemental: Roger Moore’s and Timothy Dalton’s James Bond and Cold War Geo-Politics,Klaus DoddsLisa Funnell,10.1007/978-3-319-98382-0_4,Media and the Cold War in the 1980s,2019,,springerlink
Recent Advances in Health Monitoring and Assessment of In-service Oil and Gas Buried Pipelines,B. Arun SundaramK. KesavanS. Parivallal,10.1007/s40030-018-0316-5,Journal of The Institution of Engineers (India): Series A,2018,,springerlink
The Fatal Attraction of Civil War: Violence and the Oil Sector in Arauca,David Maher,10.1007/978-3-319-66580-1_4,Civil War and Uncivil Development,2018,,springerlink
An energy ratio feature extraction method for optical fiber vibration signal,Zhiyong ShengXinyan ZhangYanping WangWeiming HouDan Yang,10.1007/s13320-017-0478-1,Photonic Sensors,2017,,springerlink
Conclusion,Avi BrismanBill McClanahanNigel SouthReece Walters,10.1057/978-1-137-52986-2_8,"Water, Crime and Security in the Twenty-First Century",2018,,springerlink
Addressed Challenges,Reiner JungLukas MärtinJan Ole JohanssenBarbara PaechMalte LochauThomas ThümKurt SchneiderMatthias TichyMattias Ulbrich,10.1007/978-3-030-13499-0_3,Managed Software Evolution,2019,,springerlink
Developing a Spiral Curriculum for Teaching Agile at the National Software Academy,James OsborneWendy IvinsCarl Jones,10.1007/978-981-13-2751-3_15,Agile and Lean Concepts for Teaching and Learning,2019,,springerlink
Coding Architecture,Louis Davidson,10.1007/978-1-4842-6497-3_13,Pro SQL Server Relational Database Design and Implementation,2021,,springerlink
Digital Project Management Best Practices,Shailesh Kumar Shivakumar,10.1007/978-1-4842-3417-4_11,Complete Guide to Digital Project Management,2018,,springerlink
"ER<sup>2</sup>C SDMLC: <Emphasis Type=""Underline"">e</Emphasis>nterprise <Emphasis Type=""Underline"">r</Emphasis>elease <Emphasis Type=""Underline"">r</Emphasis>isk-<Emphasis Type=""Underline"">c</Emphasis>entric <Emphasis Type=""Underline"">s</Emphasis>ystems <Emphasis Type=""Underline"">d</Emphasis>evelopment and <Emphasis Type=""Underline"">m</Emphasis>aintenance <Emphasis Type=""Underline"">l</Emphasis>ife <Emphasis Type=""Underline"">c</Emphasis>ycle",Hamish Sadler,10.1007/s11219-019-09452-7,Software Quality Journal,2019,,springerlink
Implementation of Genome Sequencing Assays,Tina M. HambuchKeith NykampCarri-Lyn Rebecca Mead,10.1007/978-3-319-96830-8_18,Genomic Applications in Pathology,2019,,springerlink
Quality-Aware Rapid Software Development Project: The Q-Rapids Project,Xavier FranchLidia LopezSilverio Martínez-FernándezMarc OriolPilar RodríguezAdam Trendowicz,10.1007/978-3-030-29852-4_32,Software Technology: Methods and Tools,2019,,springerlink
Characterizing the evolution of statically-detectable performance issues of Android apps,Teerath DasMassimiliano Di PentaIvano Malavolta,10.1007/s10664-019-09798-3,Empirical Software Engineering,2020,,springerlink
E-government multimedia big data platform for disaster management,Zhihan LvXiaoming LiKim-Kwang Raymond Choo,10.1007/s11042-017-5119-6,Multimedia Tools and Applications,2017,,springerlink
Ground Network Security,Jianwei LiuLin BaiChunxiao JiangWei Zhang,10.1007/978-981-99-1125-7_3,Space-Air-Ground Integrated Network Security,2023,,springerlink
Introduction,Licínia Simão,10.1007/978-3-319-65792-9_1,The EU’s Neighbourhood Policy towards the South Caucasus,2018,,springerlink
Digital Project Execution,Shailesh Kumar Shivakumar,10.1007/978-1-4842-3417-4_6,Complete Guide to Digital Project Management,2018,,springerlink
Conclusion and Future Research,Arnor SolbergPeter Matthews,10.1007/978-3-319-46031-4_16,Model-Driven Development and Operation of Multi-Cloud Applications,2017,,springerlink
Smart Home-based IoT for Real-time and Secure Remote Health Monitoring of Triage and Priority System using Body Sensors: Multi-driven Systematic Review,Mohammed TalalA. A. ZaidanB. B. ZaidanA. S. AlbahriA. H. AlamoodiO. S. AlbahriM. A. AlsalemC. K LimK. L. TanW. L. ShirK. I. Mohammed,10.1007/s10916-019-1158-z,Journal of Medical Systems,2019,,springerlink
Measuring Illicit Trade and Its Wider Impact,Karl Lallerstedt,10.1007/978-3-319-72968-8_4,Organized Crime and Illicit Trade,2018,,springerlink
Digital Project Planning,Shailesh Kumar Shivakumar,10.1007/978-1-4842-3417-4_3,Complete Guide to Digital Project Management,2018,,springerlink
Digital Transformation: A Project Management Case Study,Shailesh Kumar Shivakumar,10.1007/978-1-4842-3417-4_17,Complete Guide to Digital Project Management,2018,,springerlink
An empirical study of patch uplift in rapid release development pipelines,Marco CastelluccioLe AnFoutse Khomh,10.1007/s10664-018-9665-y,Empirical Software Engineering,2018,,springerlink
The Struggle of Indigenous Americans: A Socio-Historical View,James V. Fenelon,10.1007/978-3-319-76757-4_2,Handbook of the Sociology of Racial and Ethnic Relations,2018,,springerlink
Digital Project Management Case Studies,Shailesh Kumar Shivakumar,10.1007/978-1-4842-3417-4_16,Complete Guide to Digital Project Management,2018,,springerlink
DevOps: Foundations and Its Utilization in Data Center,Mirna MuñozOswaldo Díaz,10.1007/978-3-319-65082-1_10,Engineering and Management of Data Centers,2017,,springerlink
Quality Requirements in Large-Scale Distributed Agile Projects – A Systematic Literature Review,Wasim AlsaqafMaya DanevaRoel Wieringa,10.1007/978-3-319-54045-0_17,Requirements Engineering: Foundation for Software Quality,2017,,springerlink
Digital Project Estimation and Pricing,Shailesh Kumar Shivakumar,10.1007/978-1-4842-3417-4_4,Complete Guide to Digital Project Management,2018,,springerlink
Designing Systems,Chris Northwood,10.1007/978-1-4842-4152-3_4,The Full Stack Developer,2018,,springerlink
Defining the e-learner’s security profile: Towards awareness improvement,Marjan MiloševićDanijela Milošević,10.1007/s12046-016-0478-7,Sādhanā,2016,,springerlink
How Can Quality Awareness Support Rapid Software Development? – A Research Preview,Liliana GuzmánMarc OriolPilar RodríguezXavier FranchAndreas JedlitschkaMarkku Oivo,10.1007/978-3-319-54045-0_12,Requirements Engineering: Foundation for Software Quality,2017,,springerlink
"Natural Gas or Clean Coal in the Post-311 Scenario? A Narrative Analysis, Historical Overview and Selected Public Policy Commentary of Japan and Other Comparative Case Studies",Tai Wei Lim,10.1007/978-981-10-1681-3_9,Energy Transitions in Japan and China,2017,,springerlink
Performance Analysis and Performance Testing,Andrey Akinshin,10.1007/978-1-4842-4941-3_5,Pro .NET Benchmarking,2019,,springerlink
App Update Patterns: How Developers Act on User Reviews in Mobile App Stores,Shance WangZhongjie WangXiaofei XuQuan Z. Sheng,10.1007/978-3-319-69035-3_9,Service-Oriented Computing,2017,,springerlink
Cybersecurity: How Security Vulnerabilities Affect Your Business,Marshall Copeland,10.1007/978-1-4842-2740-4_1,Cyber Security on Azure,2017,,springerlink
The system of the ecological monitoring of environment which is based on the usage of UAV,A. S. DanilovUr. D. SmirnovM. A. Pashkevich,10.1134/S1067413615010038,Russian Journal of Ecology,2015,,springerlink
Analysis of Electromagnetic Interference Effects on Gas Pipelines Due to a Nearby Parallel UHV Transmission Line,Jingzhuo ZhangXishan WenWei LiHailiang LuYu Liu,10.1007/978-3-319-13707-0_48,Proceedings of the Second International Conference on Mechatronics and Automatic Control,2015,,springerlink
"Flood recovery and property acquisition in Cedar Rapids, Iowa",Eric TateAaron StrongTravis KrausHaoyi Xiong,10.1007/s11069-015-2060-8,Natural Hazards,2015,,springerlink
Addressing pipeline security regime of the prospective regional energy hub Turkey,Emre İşeri,10.1057/sj.2012.38,Security Journal,2012,,springerlink
Implementation of Genome Sequencing Assays,Tina M. HambuchCarri-Lyn Mead,10.1007/978-1-4939-0727-4_17,Genomic Applications in Pathology,2015,,springerlink
Study on Monitoring System for Pipeline Security Based on Multi-Sensor Data Fusion Technique,Jie Zhang,10.1007/978-3-642-34528-9_83,Proceedings of the 2012 International Conference on Information Technology and Software Engineering,2013,,springerlink
TRUSTIE: A Software Development Platform for Crowdsourcing,Huaimin WangGang YinXiang LiXiao Li,10.1007/978-3-662-47011-4_10,Crowdsourcing,2015,,springerlink
Organisatorische (Web-)Anwendungssicherheit,Matthias Rohr,10.1007/978-3-658-03851-9_5,Sicherheit von Webanwendungen in der Praxis,2015,,springerlink
Niger Delta Overview,Patricia TaftNate Haken,10.1007/978-3-319-14935-6_2,Violence in Nigeria,2015,,springerlink
Effect of pH value on stress corrosion cracking of X70 pipeline steel in acidic soil environment,Zhiyong LiuCuiwei DuXin ZhangFuming WangXiaogang Li,10.1007/s40195-012-0216-z,Acta Metallurgica Sinica (English Letters),2013,,springerlink
The Role of Natural Gas in the Regional Electricity Generation,Jorge Morales Pedraza,10.1007/978-3-319-08401-5_3,Electrical Energy Generation in Europe,2015,,springerlink
Performance,Godfrey NolanOnur CinarDavid Truxall,10.1007/978-1-4302-5858-2_3,Android Best Practices,2014,,springerlink
Thailand’s Security of Energy Supply: Import Dependency Vulnerability Assessment,Kamonphorn KanchanaHironobu Unesaki,10.1007/978-4-431-54264-3_5,Zero-Carbon Energy Kyoto 2012,2013,,springerlink
Introduction,Luis Rodolfo García CarrilloAlejandro Enrique Dzul LópezRogelio LozanoClaude Pégard,10.1007/978-1-4471-4399-4_1,Quad Rotorcraft Control,2013,,springerlink
Due Process and the World Bank’s Inspection Panel,Benjamin K. Sovacool,10.1057/9781137298669_4,Energy & Ethics,2013,,springerlink
Challenges for Migrating to the Service Cloud Paradigm: An Agile Perspective,Stavros StavruIva KrastevaSylvia Ilieva,10.1007/978-3-642-38333-5_10,Web Information Systems Engineering – WISE 2011 and 2012 Workshops,2013,,springerlink
Testing Perspectives for Cloud-Based Applications,Inderveer ChanaPriyanka Chawla,10.1007/978-1-4471-5031-2_7,Software Engineering Frameworks for the Cloud Computing Paradigm,2013,,springerlink
Inter-Organizational Processes,Diogo R. Ferreira,10.1007/978-3-642-40796-3_12,Enterprise Systems Integration,2013,,springerlink
Private Financing of the Military: A Local Political Economy Approach,Maiah Jaskoski,10.1007/s12116-012-9119-2,Studies in Comparative International Development,2012,,springerlink
TePiTri: A screening method for assessing terrorist-related pipeline transport risks,Genserik ReniersWout Dullaert,10.1057/sj.2011.17,Security Journal,2011,,springerlink
Distributed optical fiber vibration sensing system based on polarization detection,Jia LiuJin-long YuJing-zhong GuoChao GaoWen-rui WangEn-ze Yang,10.1007/s11801-011-1049-0,Optoelectronics Letters,2011,,springerlink
Quality Needs Structure: Industrial Experiences in Systematically Defining Software Security Requirements,Christian FrühwirthRichard Mordinyi,10.1007/978-3-642-27213-4_15,Software Quality. Process Automation in Software Development,2012,,springerlink
Transportation,Mark HartongRajn GoelDuminda Wijesekera,10.1007/978-3-642-28920-0_14,Critical Infrastructure Protection,2012,,springerlink
"Asset Criticality in European Gas Pipeline Systems – Increasing Challenges for NATO, Its Member States and Industrial Protection of Critical Energy Infrastructure",Frank UmbachUwe Nerlich,10.1007/978-94-007-0719-1_14,Energy Security,2011,,springerlink
"Positioning Norm, Principle and Interest in Chinese Foreign Policy —— The Case of the Myanmar Issue",Ren Xiao,10.1007/s12140-011-9139-y,East Asia,2011,,springerlink
Node-First Causal Network Extraction for Trend Analysis Based on Web Mining,Hideki KawaiKatsumi TanakaKazuo KuniedaKeiji Yamada,10.1007/978-3-642-23863-5_7,Knowlege-Based and Intelligent Information and Engineering Systems,2011,,springerlink
"Onions, Pyramids &amp; Loops – From Requirements to Software Architecture",Michael Stal,10.1007/978-3-642-21001-3_16,Relating Software Requirements and Architectures,2011,,springerlink
Design of surge tank for water supply systems using the impulse response method with the GA algorithm,Sang-Hyun Kim,10.1007/s12206-010-0108-y,Journal of Mechanical Science and Technology,2010,,springerlink
Rhetoric or Vision? Chinese Responses to U.S. Unilateralism,Kun-Chin Lin,10.1007/978-3-540-79594-0_3,Northeast Asia,2009,,springerlink
Improving Security of Oil Pipeline SCADA Systems Using Service-Oriented Architectures,Nary Subramanian,10.1007/978-3-540-88875-8_56,On the Move to Meaningful Internet Systems: OTM 2008 Workshops,2008,,springerlink
Introduction to Dependability Metrics,Irene EusgeldFelix C. Freiling,10.1007/978-3-540-68947-8_1,Dependability Metrics,2008,,springerlink
Evaluating the Use of a Low-Cost Unmanned Aerial Vehicle Platform in Acquiring Digital Imagery for Emergency Response,G. Lewis,10.1007/978-3-540-72108-6_9,Geomatics Solutions for Disaster Management,2007,,springerlink
Measuring and Managing IT Outsourcing Risk: Lessons Learned,Benoit A. AubertMichel PatrySuzanne Rivard,10.1007/978-3-540-34877-1_7,Information Systems Outsourcing,2006,,springerlink
Measuring Corporate Sustainability Performance and Its Impact on Corporate Financial Performance,Thilo Goodall,10.1007/3-7908-1645-0_4,Applied Research in Environmental Economics,2005,,springerlink
The Impediments to Establish an Energy-Regime in Caucasia,Gokhan BacikBulent ARAS,10.1007/1-4020-2078-3_15,Security of Natural Gas Supply through Transit Countries,2004,,springerlink
Underground Gas Storage in Georgia,Mads ChristensenDavid PapaveMichael Sidamonidze,10.1007/1-4020-2078-3_9,Security of Natural Gas Supply through Transit Countries,2004,,springerlink
