Link,website,httpcode
https://www.reddit.com/r/aembit/comments/1cd4iu5/new_blog_securing_cicd_pipelines_the_role_of/,reddit,200
https://www.reddit.com/r/aembit/comments/1cz6qif/new_blog_optimizing_cicd_security_best_practices/,reddit,200
https://www.reddit.com/r/Android_Security/,reddit,200
https://www.reddit.com/r/Android_Security/comments/1gjz728/mobile_app_security_for_cicd/,reddit,200
https://www.reddit.com/r/ArgoCD/,reddit,200
https://www.reddit.com/r/ArgoCD/comments/1m2w6l7/finished_my_first_full_cicd_pipeline_project/,reddit,200
https://www.reddit.com/r/AskNetsec/,reddit,200
https://www.reddit.com/r/AskNetsec/comments/1j3pkif/implementing_security_into_cicd_pipeline/,reddit,200
https://www.reddit.com/r/AskNetsec/comments/1l1s9ei/security_automation_in_cicd_pipeline_gitlab/,reddit,200
https://www.reddit.com/r/AskNetsec/comments/1lqwdho/secure_reusable_patterns_in_regards_to_aws_cicd/,reddit,200
https://www.reddit.com/r/aws/,reddit,200
https://www.reddit.com/r/aws/comments/1hh7tsd/i_used_an_llm_setup_to_provision_my_aws_infra/,reddit,200
https://www.reddit.com/r/azuredevops/,reddit,200
https://www.reddit.com/r/azuredevops/comments/1buomyy/implement_azure_sql_database_deployment_ci_cd/,reddit,200
https://www.reddit.com/r/AzureSentinel/,reddit,200
https://www.reddit.com/r/AzureSentinel/comments/1kn8e9x/cicd_pipelines_via_azure_devops/,reddit,200
https://www.reddit.com/r/buddyhq/,reddit,200
https://www.reddit.com/r/cicd/,reddit,200
https://www.reddit.com/r/cicd/comments/1bu9qz8/high_level_securing_cicd/,reddit,200
https://www.reddit.com/r/cicd/comments/1hwhjsa/automatic_audit_of_cicd_pipelines/,reddit,200
https://www.reddit.com/r/cicd/comments/1jrqr9r/creating_a_cicd_pipeline_practice_lab/,reddit,200
https://www.reddit.com/r/cicd/comments/1l1exil/showoff_i_got_tired_of_my_cicd_pipeline_crying_so/,reddit,200
https://www.reddit.com/r/cicd/comments/1lw69sk/after_20_years_in_cicd_engineering_ive_started/,reddit,200
https://www.reddit.com/r/cicd/comments/1m2w796/finished_my_first_full_cicd_pipeline_project/,reddit,200
https://www.reddit.com/r/compsec/,reddit,200
https://www.reddit.com/r/computer/,reddit,200
https://www.reddit.com/r/computer/comments/1bs3v14/best_practices_for_ci_cd_security/,reddit,200
https://www.reddit.com/r/cscareerquestions/,reddit,200
https://www.reddit.com/r/cscareerquestions/comments/1ivc6on/worth_building_cicd_pipeline_purely_to_get/,reddit,200
https://www.reddit.com/r/cscareerquestions/comments/qw7nem/feeling_like_im_stuck_in_cicd_pipeline_hell/,reddit,200
https://www.reddit.com/r/cscareerquestions/comments/speak2/how_to_understand_the_cicd_pipeline/,reddit,200
https://www.reddit.com/r/cscareerquestions/comments/z63ccd/whats_the_advantage_of_a_modern_cicd_pipeline/,reddit,200
https://www.reddit.com/r/cybersecurity/,reddit,200
https://www.reddit.com/r/cybersecurity/comments/1e7jd7u/realistic_cicd_tasks_for_security_engineering/,reddit,200
https://www.reddit.com/r/cybersecurity/comments/1iof7gz/which_dast_tool_do_you_use_in_your_cicd_pipelines/,reddit,200
https://www.reddit.com/r/cybersecurity/comments/1j3pk1x/implementing_security_into_cicd_pipeline/,reddit,200
https://www.reddit.com/r/cybersecurity/comments/1l1s8o8/security_automation_in_cicd_pipeline_gitlab/,reddit,200
https://www.reddit.com/r/cybersecurity/comments/1l8dtb3/devsecops_improvement/,reddit,200
https://www.reddit.com/r/cybersecurity/comments/1lg2y2p/security_data_pipeline_testing_and_use_cases/,reddit,200
https://www.reddit.com/r/cybersecurity/comments/1lim3k5/i_made_a_foss_python_template_with_cicd_security/,reddit,200
https://www.reddit.com/r/cybersecurity/comments/1mq0t1c/security_scans_in_the_commit_or_in_the_cicd/,reddit,200
https://www.reddit.com/r/cybersecurity/comments/yzkgcg/cicd_pipeline_tools_and_controls/,reddit,200
https://www.reddit.com/r/dataengineering/,reddit,200
https://www.reddit.com/r/dataengineering/comments/14rmmkp/is_a_cicd_pipeline_difficult_to_set_up_in_your/,reddit,200
https://www.reddit.com/r/dataengineering/comments/lfcbdk/ideal_cicd_pipeline/,reddit,200
https://www.reddit.com/r/dataengineering/comments/pggz3t/cicd_for_de_pipeline/,reddit,200
https://www.reddit.com/r/dataengineering/comments/vy0wra/cicd_pipeline/,reddit,200
https://www.reddit.com/r/developersIndia/,reddit,200
https://www.reddit.com/r/developersIndia/comments/xzma27/eli5_cicd_pipelines/,reddit,200
https://www.reddit.com/r/devops/,reddit,200
https://www.reddit.com/r/devops/comments/10gzdqg/but_really_why_is_all_cicd_pipelines/,reddit,200
https://www.reddit.com/r/devops/comments/12xrfii/how_your_perfect_cicd_pipeline_look_like/,reddit,200
https://www.reddit.com/r/devops/comments/13sv9sf/cicd_pipeline_set_up/,reddit,200
https://www.reddit.com/r/devops/comments/1csq6c5/where_could_i_find_a_cicd_pipelines_that_are_used/,reddit,200
https://www.reddit.com/r/devops/comments/1h841n7/anyone_running_devsecop_pipelines_with_github/,reddit,200
https://www.reddit.com/r/devops/comments/1ha2mgb/what_security_tools_do_you_like_to_use_in_your/,reddit,200
https://www.reddit.com/r/devops/comments/1hfueb7/cicd_pipeline_uses_helm_to_deploy_apps_without/,reddit,200
https://www.reddit.com/r/devops/comments/1hfueg4/cicd_pipeline_uses_helm_to_deploy_apps_without/,reddit,200
https://www.reddit.com/r/devops/comments/1il9qrx/security_scanning_during_cicd_flows/,reddit,200
https://www.reddit.com/r/devops/comments/1j5kwo2/cicd_compliance_audit/,reddit,200
https://www.reddit.com/r/devops/comments/1jouqrw/simplify_oidc_testing_in_your_cicd_pipelines/,reddit,200
https://www.reddit.com/r/devops/comments/1k474mn/how_are_you_managing_increasing_aiml_pipeline/,reddit,200
https://www.reddit.com/r/devops/comments/1kwkyr1/local_testing_of_cicd_pipelines/,reddit,200
https://www.reddit.com/r/devops/comments/1l07z7o/general_security_pipeline/,reddit,200
https://www.reddit.com/r/devops/comments/1lwsetw/what_does_this_mean_in_terms_of_devsecops/,reddit,200
https://www.reddit.com/r/devops/comments/1m2w4be/finished_my_first_full_cicd_pipeline_project/,reddit,200
https://www.reddit.com/r/devops/comments/e695s4/what_does_your_cicd_pipeline_look_like/,reddit,200
https://www.reddit.com/r/devops/comments/j1cvcz/best_security_tool_to_integrate_into_cicd_pipeline/,reddit,200
https://www.reddit.com/r/devops/comments/jbzdmw/i_created_a_diagram_of_our_cicd_pipeline/,reddit,200
https://www.reddit.com/r/devops/comments/l07fk8/cicd_pipeline/,reddit,200
https://www.reddit.com/r/devops/comments/mto773/is_a_cicd_pipeline_good_tool_for_managing/,reddit,200
https://www.reddit.com/r/devops/comments/rr9d7m/who_handles_cicd_pipelines_in_your_organization/,reddit,200
https://www.reddit.com/r/devops/comments/tk8zls/security_in_cicd_devsecops/,reddit,200
https://www.reddit.com/r/devops/comments/wg514j/cicd_tool_agnostic_pipelines/,reddit,200
https://www.reddit.com/r/devops/comments/y9k6c2/how_should_infrastructure_and_cicd_pipelines_be/,reddit,200
https://www.reddit.com/r/devops/comments/zfkc4s/how_do_you_integrate_a_static_security_analysis/,reddit,200
https://www.reddit.com/r/devops_by_nature/,reddit,200
https://www.reddit.com/r/devops_by_nature/comments/1j9ajrj/why_you_need_to_bake_security_into_your_cicd/,reddit,200
https://www.reddit.com/r/DevOpsLinks/,reddit,200
https://www.reddit.com/r/DevOpsLinks/comments/1fl7ime/how_do_you_manage_secrets_in_cicd_pipelines/,reddit,200
https://www.reddit.com/r/devsecops/,reddit,200
https://www.reddit.com/r/devsecops/comments/1lloj76/implementing_a_secure_cicd_pipeline/,reddit,200
https://www.reddit.com/r/devsecops/comments/1mq0z00/security_scans_in_the_commit_or_in_the_cicd/,reddit,200
https://www.reddit.com/r/devsecops/comments/x1ye1o/cicd_bad_practices_best_practices_mistakes/,reddit,200
https://www.reddit.com/r/embedded/,reddit,200
https://www.reddit.com/r/embedded/comments/13iicys/cicd_pipelines_for_embedded/,reddit,200
https://www.reddit.com/r/ExperiencedDevs/,reddit,200
https://www.reddit.com/r/ExperiencedDevs/comments/1h506x8/what_do_you_put_in_cicd_pipeline_testing/,reddit,200
https://www.reddit.com/r/FreeUdemyCoupons/,reddit,200
https://www.reddit.com/r/FreeUdemyCoupons/comments/1g1yg7k/devsecops_master_securing_cicd_devops_pipeline2022/,reddit,200
https://www.reddit.com/r/github/,reddit,200
https://www.reddit.com/r/github/comments/1ix7d00/why_you_need_to_bake_security_into_your_cicd/,reddit,200
https://www.reddit.com/r/github/comments/1ld4e95/cicd_pipeline_architecture_for_github_actions/,reddit,200
https://www.reddit.com/r/gitlab/,reddit,200
https://www.reddit.com/r/gitlab/comments/1d1rjts/manage_cicd_pipelines_of_all_my_company_projects/,reddit,200
https://www.reddit.com/r/gitlab/comments/1gpgypi/check_security_and_compliance_of_your_gitlab_cicd/,reddit,200
https://www.reddit.com/r/gitlab/comments/1ja8o9m/opensource_tools_to_enhance_gitlab_cicd_in/,reddit,200
https://www.reddit.com/r/gitlab/comments/1kwlvef/what_are_the_common_ways_to_leave_a_pipeline/,reddit,200
https://www.reddit.com/r/golang/,reddit,200
https://www.reddit.com/r/golang/comments/1dgf4gl/cicd_pipeline_tools/,reddit,200
https://www.reddit.com/r/googlecloud/,reddit,200
https://www.reddit.com/r/googlecloud/comments/1cxfatq/secure_way_for_creating_cloud_infrastructure_via/,reddit,200
https://www.reddit.com/r/Infosec/,reddit,200
https://www.reddit.com/r/Infosec/comments/1iwyw85/why_you_need_to_bake_security_into_your_cicd/,reddit,200
https://www.reddit.com/r/InfoSecWriteups/,reddit,200
https://www.reddit.com/r/InfoSecWriteups/comments/1f1q4bu/how_do_i_secure_your_cicd_pipeline/,reddit,200
https://www.reddit.com/r/jenkinsci/,reddit,200
https://www.reddit.com/r/jenkinsci/comments/1gwczdj/enhancing_security_in_cicd_pipelines_with/,reddit,200
https://www.reddit.com/r/jenkinsci/comments/1lw6anu/after_20_years_in_cicd_engineering_ive_started/,reddit,200
https://www.reddit.com/r/kubernetes/,reddit,200
https://www.reddit.com/r/kubernetes/comments/1cx6rvl/seeking_advice_implementing_cicd_in_zero_trust/,reddit,200
https://www.reddit.com/r/kubernetes/comments/1m2w6v9/finished_my_first_full_cicd_pipeline_project/,reddit,200
https://www.reddit.com/r/netsec/,reddit,200
https://www.reddit.com/r/netsec/comments/1fcbvc8/exploiting_ci_cd_pipelines_for_fun_and_profit/,reddit,200
https://www.reddit.com/r/netsec/comments/s4cz55/10_realworld_stories_of_how_weve_compromised_cicd/,reddit,200
https://www.reddit.com/r/networkautomation/,reddit,200
https://www.reddit.com/r/networkautomation/comments/ibnrmh/whats_your_cicd_pipeline_look_like/,reddit,200
https://www.reddit.com/r/networking/,reddit,200
https://www.reddit.com/r/networking/comments/1d2ejhh/network_infrastructure_as_code_and_cicd_pipelines/,reddit,200
https://www.reddit.com/r/networking/comments/1ez9zkl/could_you_share_how_your_cicd_pipeline_looks_for/,reddit,200
https://www.reddit.com/r/networking/comments/umuft6/creating_cicd_pipeline_for_networks/,reddit,200
https://www.reddit.com/r/platform_engineering/,reddit,200
https://www.reddit.com/r/platform_engineering/comments/1lw64ex/after_20_years_in_cicd_engineering_ive_started/,reddit,200
https://www.reddit.com/r/PLC/,reddit,200
https://www.reddit.com/r/PLC/comments/t8clb1/cip_safety_networking_best_practices/,reddit,200
https://www.reddit.com/r/PLC/comments/vz211f/cip_safety/,reddit,200
https://www.reddit.com/r/popular/,reddit,200
https://www.reddit.com/r/PowerBI/,reddit,200
https://www.reddit.com/r/PowerBI/comments/1jqt8my/cicd_pipelines/,reddit,200
https://www.reddit.com/r/programming/,reddit,200
https://www.reddit.com/r/programming/comments/1ld46c1/the_cicd_pipeline_architecture_framework/,reddit,200
https://www.reddit.com/r/programminghorror/,reddit,200
https://www.reddit.com/r/programminghorror/comments/1lrpujz/oc_whats_a_cicd_pipeline/,reddit,200
https://www.reddit.com/r/programmingWarCrimes/,reddit,200
https://www.reddit.com/r/programmingWarCrimes/comments/1lrptib/oc_whats_a_cicd_pipeline/,reddit,200
https://www.reddit.com/r/ProWordPress/,reddit,200
https://www.reddit.com/r/ProWordPress/comments/1eyhlwc/cicd_pipeline/,reddit,200
https://www.reddit.com/r/QualityAssurance/,reddit,200
https://www.reddit.com/r/QualityAssurance/comments/1bf24jg/is_setting_up_cicd_pipelines_part_of_qa/,reddit,200
https://www.reddit.com/r/QualityAssurance/comments/1ew6rzj/pro_tips_for_implementingmaintaining_a_successful/,reddit,200
https://www.reddit.com/r/rails/,reddit,200
https://www.reddit.com/r/rails/comments/10hl3kl/how_do_you_guys_integrate_automated_security/,reddit,200
https://www.reddit.com/r/SaaS/,reddit,200
https://www.reddit.com/r/SaaS/comments/1mejoe0/devops_folks_what_tools_are_you_using_to_actually/,reddit,200
https://www.reddit.com/r/selfhosted/,reddit,200
https://www.reddit.com/r/selfhosted/comments/18gdftw/cicd_pipelines/,reddit,200
https://www.reddit.com/r/selfhosted/comments/1k9esk4/running_cicd_server_on_docker_compose_along_other/,reddit,200
https://www.reddit.com/r/softwaretesting/,reddit,200
https://www.reddit.com/r/softwaretesting/comments/107ozg4/testing_in_cicd_pipeline/,reddit,200
https://www.reddit.com/r/sre/,reddit,200
https://www.reddit.com/r/sre/comments/1ih1t33/aigenerated_code_detection_in_cicd/,reddit,200
https://www.reddit.com/r/sysadmin/,reddit,200
https://www.reddit.com/r/sysadmin/comments/1m7oeof/security_team_keeps_breaking_our_cicd/,reddit,200
https://www.reddit.com/r/Terraform/,reddit,200
https://www.reddit.com/r/Terraform/comments/1i47w19/suggestions_for_improvement_of_terraform/,reddit,200
https://www.reddit.com/r/Terraform/comments/vb3fjv/distinction_between_application_and/,reddit,200
https://www.reddit.com/r/tryhackme/,reddit,200
https://www.reddit.com/r/tryhackme/comments/1h11yc9/cicd_and_build_security_task_4/,reddit,200
https://www.reddit.com/r/tryhackme/comments/1h5rq65/cicd_and_build_security_has_many_problems/,reddit,200
https://www.reddit.com/r/udemycoursedaily/,reddit,200
https://www.reddit.com/r/udemycoursedaily/comments/1g1yg7o/devsecops_master_securing_cicd_devops_pipeline2022/,reddit,200
https://www.reddit.com/r/udemyfreebies/,reddit,200
https://www.reddit.com/r/udemyfreebies/comments/1g1yg7q/devsecops_master_securing_cicd_devops_pipeline2022/,reddit,200
https://www.reddit.com/r/androiddev/comments/1mjllue/what_does_your_cicd_pipeline_look_like/,reddit,200
https://www.reddit.com/r/androiddev/comments/mqyhfo/how_does_your_team_handle_release_builds_from_cicd/,reddit,200
https://www.reddit.com/r/aws/comments/1frif6b/how_to_set_up_the_cicd_process_with_iac_for_a/,reddit,200
https://www.reddit.com/r/aws/comments/cn5bxs/how_to_build_a_cicd_pipeline_for_serverless_apps/,reddit,200
https://www.reddit.com/r/AZURE/,reddit,200
https://www.reddit.com/r/AZURE/comments/1juebn3/best_practices_in_building_out_complete_bicep/,reddit,200
https://www.reddit.com/r/azuredevops/comments/147cgm1/questions_about_cicd_pipeline_best_practices/,reddit,200
https://www.reddit.com/r/azuredevops/comments/1j8s0j3/ci_pipeline_best_practice/,reddit,200
https://www.reddit.com/r/azuredevops/comments/n3y5sn/good_static_code_analysis_tools_to_run_in_a_ci/,reddit,200
https://www.reddit.com/r/cicd/comments/zpk5dd/application_security_tools_in_cicd_pipeline/,reddit,200
https://www.reddit.com/r/cloudcomputing/,reddit,200
https://www.reddit.com/r/cloudcomputing/comments/y8v1hv/what_is_the_best_tool_to_design_your_cicd_pipeline/,reddit,200
https://www.reddit.com/r/cscareerquestions/comments/1bk8byl/how_much_should_a_frontend_dev_be_expected_to_be/,reddit,200
https://www.reddit.com/r/cscareerquestions/comments/of09xz/as_a_frontend_dev_how_much_should_i_be_knowing/,reddit,200
https://www.reddit.com/r/cybersecurity/comments/xbyt2k/how_do_you_see_the_correlation_between_good_cicd/,reddit,200
https://www.reddit.com/r/dataengineering/comments/1dt7smq/whats_your_ci_pipeline_andor_precommit_setup_look/,reddit,200
https://www.reddit.com/r/dataengineering/comments/rac5kd/new_role_requires_usage_of_infrastructure_as_a/,reddit,200
https://www.reddit.com/r/dataengineering/comments/sixbe5/what_are_good_learning_resources_for_cicd/,reddit,200
https://www.reddit.com/r/devops/comments/113v8cv/cicd_pipeline_example_for_homelab/,reddit,200
https://www.reddit.com/r/devops/comments/115c5az/building_better_cicd_pipelines/,reddit,200
https://www.reddit.com/r/devops/comments/11cd32e/choosing_a_cicd_tool_for_your_product/,reddit,200
https://www.reddit.com/r/devops/comments/11mcwgv/integration_testing_in_cicd_pipeline/,reddit,200
https://www.reddit.com/r/devops/comments/135eed6/how_would_u_explain_cicd_pipeline_to_a_10yo/,reddit,200
https://www.reddit.com/r/devops/comments/15mngvu/whats_the_biggest_challenge_youve_encountered/,reddit,200
https://www.reddit.com/r/devops/comments/19ayis8/i_think_i_created_my_first_cicd_pipeline/,reddit,200
https://www.reddit.com/r/devops/comments/1aqedef/how_to_set_up_automated_integration_test_in_cicd/,reddit,200
https://www.reddit.com/r/devops/comments/1aqlx7n/how_do_you_manage_secrets_in_your_cicd_pipeline/,reddit,200
https://www.reddit.com/r/devops/comments/1b2vfrf/what_are_the_tasks_that_you_often_find_repetitive/,reddit,200
https://www.reddit.com/r/devops/comments/1bevz0e/what_should_be_a_the_cicd_pipeline_strategy_for_a/,reddit,200
https://www.reddit.com/r/devops/comments/1bzuo3f/newbie_building_first_cicd/,reddit,200
https://www.reddit.com/r/devops/comments/1elzf5l/ideas_for_a_local_development_cicd_pipeline/,reddit,200
https://www.reddit.com/r/devops/comments/1f94abi/how_to_build_cicd_on_private_offline_network/,reddit,200
https://www.reddit.com/r/devops/comments/1fiy89v/does_anyone_here_pretest_the_behavior_of_your/,reddit,200
https://www.reddit.com/r/devops/comments/1fkkdy5/best_tools_for_implementing_cicd_in_a_multicloud/,reddit,200
https://www.reddit.com/r/devops/comments/1fo7vba/how_to_balance_security_with_speed_in_devops/,reddit,200
https://www.reddit.com/r/devops/comments/1ge0t5g/gitops_setup_security_concerns_with_automated/,reddit,200
https://www.reddit.com/r/devops/comments/1ggst63/tuning_a_cicd_pipeline_to_less_than_60_seconds/,reddit,200
https://www.reddit.com/r/devops/comments/1gk3p64/how_do_you_approach_automated_cloud/,reddit,200
https://www.reddit.com/r/devops/comments/1gqq3vh/performing_cicd_on_local_server/,reddit,200
https://www.reddit.com/r/devops/comments/1hdadga/looking_for_ai_tools_for_code_scanning_analysis/,reddit,200
https://www.reddit.com/r/devops/comments/1hs54fn/single_cicd_pipeline_with_promotion_between/,reddit,200
https://www.reddit.com/r/devops/comments/1i5sk7r/what_do_you_recommend_i_should_use_for_making_my/,reddit,200
https://www.reddit.com/r/devops/comments/1izeo2w/cicd_pipeline_failing_randomly_how_to_debug/,reddit,200
https://www.reddit.com/r/devops/comments/1jitxuh/seeking_advice_best_options_for_implementing_cicd/,reddit,200
https://www.reddit.com/r/devops/comments/1jvbe9y/does_anyone_have_examples_of_actual_cicd/,reddit,200
https://www.reddit.com/r/devops/comments/1jynsvz/cicd_engineer/,reddit,200
https://www.reddit.com/r/devops/comments/1l0ao3d/considering_cicd_tools_in_preparation_to_launch/,reddit,200
https://www.reddit.com/r/devops/comments/1lwysrt/after_20_years_in_cicd_engineering_ive_started/,reddit,200
https://www.reddit.com/r/devops/comments/1m6z5ss/ci_cd_pipeline_setup/,reddit,200
https://www.reddit.com/r/devops/comments/gmna7w/building_security_into_the_cicd/,reddit,200
https://www.reddit.com/r/devops/comments/gnz7ll/how_does_your_complete_cicd_pipeline_look_like/,reddit,200
https://www.reddit.com/r/devops/comments/hrhrcy/building_a_secure_cicd_pipeline_that_is_pci_dss/,reddit,200
https://www.reddit.com/r/devops/comments/igyig8/what_really_counts_as_building_a_cicd_pipeline/,reddit,200
https://www.reddit.com/r/devops/comments/j2swua/full_cicd_pipeline_for_degrees_final_assignment/,reddit,200
https://www.reddit.com/r/devops/comments/jo8jy4/developers_testing_things_in_a_real_cicd_pipeline/,reddit,200
https://www.reddit.com/r/devops/comments/kbdglj/what_does_it_mean_to_design_and_build_production/,reddit,200
https://www.reddit.com/r/devops/comments/kw6pn3/modern_cicd_pipeline_for_front_end_projects/,reddit,200
https://www.reddit.com/r/devops/comments/mtu7mx/what_are_your_tips_or_ressources_for_cicd/,reddit,200
https://www.reddit.com/r/devops/comments/p9kxwd/whats_are_the_more_common_cicd_pipeline_builds/,reddit,200
https://www.reddit.com/r/devops/comments/qtw75h/homelab_cicd_pipeline/,reddit,200
https://www.reddit.com/r/devops/comments/t5nufe/eli5_what_is_cicd_and_why_do_we_need_them/,reddit,200
https://www.reddit.com/r/devops/comments/ut397y/how_do_you_document_cicd_containers_pipelines/,reddit,200
https://www.reddit.com/r/devops/comments/x4l1rg/course_or_book_for_learning_to_setup_a_cicd/,reddit,200
https://www.reddit.com/r/devops/comments/xrzxxw/creating_a_basic_cicd_pipeline/,reddit,200
https://www.reddit.com/r/devops/comments/y0cre3/what_are_the_biggest_security_challenges_for_cicd/,reddit,200
https://www.reddit.com/r/devops/comments/ynkqc5/how_do_you_determine_in_a_cicd_pipeline_which/,reddit,200
https://www.reddit.com/r/devops/comments/yx4jv6/what_is_a_good_way_to_document_cicd_pipelines/,reddit,200
https://www.reddit.com/r/devops/comments/zz6pwa/what_network_protocol_would_a_typical_cicd/,reddit,200
https://www.reddit.com/r/devsecops/comments/nifzsx/created_a_project_on_securing_your_cicd_pipelines/,reddit,200
https://www.reddit.com/r/devsecops/comments/rcl9b7/failing_builds_in_the_cicd_pipelines_due_to/,reddit,200
https://www.reddit.com/r/gamedev/,reddit,200
https://www.reddit.com/r/gamedev/comments/116t083/what_is_your_cicd_pipeline_setup_and_how_are_you/,reddit,200
https://www.reddit.com/r/gitlab/comments/1mlok5x/pipeline_execution_policies_without_paying_for_ee/,reddit,200
https://www.reddit.com/r/Jetbrains/,reddit,200
https://www.reddit.com/r/Jetbrains/comments/1e3qafc/how_to_build_a_ci_pipeline_for_android_projects/,reddit,200
https://www.reddit.com/r/mlops/,reddit,200
https://www.reddit.com/r/mlops/comments/126l5x1/how_do_you_build_cicd_pipelines_for_ml_projects/,reddit,200
https://www.reddit.com/r/pcicompliance/,reddit,200
https://www.reddit.com/r/pcicompliance/comments/li892s/building_a_pcicompliant_cicd_pipeline/,reddit,200
https://www.reddit.com/r/PowerShell/,reddit,200
https://www.reddit.com/r/PowerShell/comments/iklfct/do_you_guys_use_ci_cd_pipeline_for_powershell/,reddit,200
https://www.reddit.com/r/PROTECC/,reddit,200
https://www.reddit.com/r/Python/,reddit,200
https://www.reddit.com/r/Python/comments/1lim6fb/i_made_a_foss_feature_rich_python_template_with/,reddit,200
https://www.reddit.com/r/saltstack/,reddit,200
https://www.reddit.com/r/saltstack/comments/157m1zd/help_me_improve_my_cicd_pipeline/,reddit,200
https://www.reddit.com/r/secops_solution/,reddit,200
https://www.reddit.com/r/secops_solution/comments/1lxcvsf/qcb_circulars_ict_law_building_a_secure_patch_and/,reddit,200
https://www.reddit.com/r/securityengineering/,reddit,200
https://www.reddit.com/r/softwaretesting/comments/zju3l3/cicd_pipeline_docker_advice_please/,reddit,200
https://www.reddit.com/r/sysadmin/comments/1hjaq7h/who_manages_your_cicd_pipelines_in_a_multivendor/,reddit,200
https://www.reddit.com/r/Terraform/comments/1cnj5kf/how_to_build_cicd_workflow/,reddit,200
https://www.reddit.com/r/Terraform/comments/p3jkg2/folderbased_structure_and_cicd_pipeline_jobs/,reddit,200
https://www.reddit.com/r/webdev/,reddit,200
https://www.reddit.com/r/webdev/comments/scgaqi/should_a_dev_know_how_to_implement_the_cicd/,reddit,200
https://www.reddit.com/reddit-pro?utm_source=reddit&utm_medium=left_nav_resources,reddit,200
https://www.reddit.com/r/androiddev/comments/148ofcq/how_to_handle_scalability_security_and/,reddit,200
https://www.reddit.com/r/appletv/,reddit,200
https://www.reddit.com/r/appletv/comments/1mcize8/apple_releases_tvos_186_focusing_on_performance/,reddit,200
https://www.reddit.com/r/AskNetsec/comments/1gfpxl5/how_to_enforce_sastscadast_scans_in_pipelines_and/,reddit,200
https://www.reddit.com/r/AskNetsec/comments/1godwmd/product_security_interview_what_type_of_questions/,reddit,200
https://www.reddit.com/r/AskProgramming/,reddit,200
https://www.reddit.com/r/AskProgramming/comments/vjmtyc/best_practices_in_cicd/,reddit,200
https://www.reddit.com/r/aws/comments/nuq5k9/creating_a_cicd_pipeline_with_dev_and_prod/,reddit,200
https://www.reddit.com/r/aws/comments/rqc79c/whats_the_most_secure_way_to_let_a_github_action/,reddit,200
https://www.reddit.com/r/AZURE/comments/1ffx6db/couldnt_deduce_the_real_difference_between_pull/,reddit,200
https://www.reddit.com/r/azuredevops/comments/n63t7i/testing_a_containers_api_as_part_of_cicd_pipeline/,reddit,200
https://www.reddit.com/r/ccie/,reddit,200
https://www.reddit.com/r/ccie/comments/1053snj/ccie_best_practice/,reddit,200
https://www.reddit.com/r/ccie/comments/15paaqk/calling_all_ccie_security_candidates/,reddit,200
https://www.reddit.com/r/ccie/comments/17qa0ws/is_security_for_first_ccie_a_bad_idea/,reddit,200
https://www.reddit.com/r/ccie/comments/1e5qlsi/ccie_sec/,reddit,200
https://www.reddit.com/r/ccie/comments/1hq5zc1/which_ccie_track_is_in_more_demand/,reddit,200
https://www.reddit.com/r/ccie/comments/1hyut1o/is_ccie_security_and_ccie_dc_worth_it_in_north/,reddit,200
https://www.reddit.com/r/ccie/comments/m71ril/seeking_guidance/,reddit,200
https://www.reddit.com/r/ccie/comments/nd82vn/ccde/,reddit,200
https://www.reddit.com/r/ccie/comments/ovts37/ccie_security/,reddit,200
https://www.reddit.com/r/ccie/comments/q7fry2/getting_started_on_ccie_sec/,reddit,200
https://www.reddit.com/r/ccie/comments/vb4ulz/question_for_ccie_dc_guys/,reddit,200
https://www.reddit.com/r/ccie/comments/xbn4bm/ccie_security_resources/,reddit,200
https://www.reddit.com/r/ccna/,reddit,200
https://www.reddit.com/r/ccna/comments/sldqen/ccie_security_v_cyber_ops_professional/,reddit,200
https://www.reddit.com/r/ccnp/,reddit,200
https://www.reddit.com/r/ccnp/comments/ohb7qg/ccie_security/,reddit,200
https://www.reddit.com/r/cicd/comments/18cs6ny/build_pipelines_always_seem_to_take_longer_than/,reddit,200
https://www.reddit.com/r/cicd/comments/197tnl1/nonfunctional_software_requirements_guide/,reddit,200
https://www.reddit.com/r/cicd/comments/qmeybc/best_practices_for_running_macos_cicd_jobs/,reddit,200
https://www.reddit.com/r/Cisco/,reddit,200
https://www.reddit.com/r/Cisco/comments/mwuq25/ccie_security/,reddit,200
https://www.reddit.com/r/cissp/,reddit,200
https://www.reddit.com/r/cissp/comments/1jky0qr/this_seems_wrong_i_thought_ultimately_it_is_the_c/,reddit,200
https://www.reddit.com/r/cscareerquestions/comments/1i4cxy4/insecurity_over_performance_at_previous_jobs/,reddit,200
https://www.reddit.com/r/cscareerquestions/comments/vtolgz/is_cicd_basically_the_idea_of_pushing_meaningful/,reddit,200
https://www.reddit.com/r/cursor/,reddit,200
https://www.reddit.com/r/cursor/comments/1l0u9y7/claude_code_prompt_to_autogenerate_full_cursor/,reddit,200
https://www.reddit.com/r/cybersecurity/comments/131tyz3/do_developers_care_about_code_security/,reddit,200
https://www.reddit.com/r/cybersecurity/comments/16uez81/my_security_team_is_under_pressure_to_allow_the/,reddit,200
https://www.reddit.com/r/cybersecurity/comments/18wrk77/passed_cciso_exam/,reddit,200
https://www.reddit.com/r/cybersecurity/comments/1ayhfxw/for_devsecops_how_much_software_dev_knowledge_do/,reddit,200
https://www.reddit.com/r/cybersecurity/comments/1bqgi87/what_are_you_using_for_vulnerability_scanning_on/,reddit,200
https://www.reddit.com/r/cybersecurity/comments/1c707rn/are_developers_ready_for_the_new_wave_of_gen_ai/,reddit,200
https://www.reddit.com/r/cybersecurity/comments/1chlatk/fortify_sca_vs_sonarqube_for_sast/,reddit,200
https://www.reddit.com/r/cybersecurity/comments/1gtckdv/combining_security_and_qa/,reddit,200
https://www.reddit.com/r/cybersecurity/comments/1lmpy5l/cto_cio_ciso_what_drives_your_cybersecurity/,reddit,200
https://security.stackexchange.com/questions/139992/how-to-create-a-company-culture-that-cares-about-information-security/140085?r=SearchResults#140085,securitystackexchange,200
https://security.stackexchange.com/questions/178815/using-burp-rest-api-how-do-i-log-into-my-web-application-in-order-to-scan-for-v/203440?r=SearchResults#203440,securitystackexchange,200
https://security.stackexchange.com/questions/179002/suggestions-on-satisfying-security-controls-described-in-nist-sp-800-53/213122?r=SearchResults#213122,securitystackexchange,200
https://security.stackexchange.com/questions/191852/docker-av-on-the-host/191881?r=SearchResults#191881,securitystackexchange,200
https://security.stackexchange.com/questions/201016/is-there-anywhere-we-can-scan-projects-php-java-for-vulnerabilities-like/201052?r=SearchResults#201052,securitystackexchange,200
https://security.stackexchange.com/questions/214678/security-and-the-definition-of-ready-and-done/214703?r=SearchResults#214703,securitystackexchange,200
https://security.stackexchange.com/questions/218921/for-zero-deployment-via-gitlab-piplines-what-kind-of-unix-user/218935?r=SearchResults#218935,securitystackexchange,200
https://security.stackexchange.com/questions/219342/webhook-security?r=SearchResults,securitystackexchange,200
https://security.stackexchange.com/questions/257436/how-to-protect-a-web-app-against-supply-chain-attacks?r=SearchResults,securitystackexchange,200
https://security.stackexchange.com/questions/262138/what-cybersecurity-jobs-are-mostly-technical/262157?r=SearchResults#262157,securitystackexchange,200
https://security.stackexchange.com/questions/270951/can-i-use-github-and-be-pci-dss-4-0-compliant/271329?r=SearchResults#271329,securitystackexchange,200
https://security.stackexchange.com/questions/278771/do-ci-cd-pipelines-in-azure-devops-require-a-dedicated-user-without-mfa?r=SearchResults,securitystackexchange,200
https://security.stackexchange.com/questions/279175/how-to-grant-aws-roles-to-openstack-workloads/279374?r=SearchResults#279374,securitystackexchange,200
https://security.stackexchange.com/questions/279255/what-are-the-best-practices-for-ci-cd-tools-performing-privileged-actions-on-a-r/279274?r=SearchResults#279274,securitystackexchange,200
https://security.stackexchange.com/questions/281210/when-code-signing-what-is-the-point-of-enhanced-security-specifically-for-the-p?r=SearchResults,securitystackexchange,200
https://security.stackexchange.com/questions/257436/how-to-protect-a-web-app-against-supply-chain-attacks?r=SearchResults&s=1%7C58.5570,securitystackexchange,200
https://security.stackexchange.com/questions/270951/can-i-use-github-and-be-pci-dss-4-0-compliant/271329?r=SearchResults&s=2%7C33.1791#271329,securitystackexchange,200
https://security.stackexchange.com/questions/191852/docker-av-on-the-host/191881?r=SearchResults&s=3%7C30.1203#191881,securitystackexchange,200
https://security.stackexchange.com/questions/191852/docker-av-on-the-host/191881?r=SearchResults&s=1%7C22.9236#191881,securitystackexchange,200
https://security.stackexchange.com/questions/7326/criteria-for-evaluating-static-analysis-tools/7342?r=SearchResults&s=2%7C13.5723#7342,securitystackexchange,200
https://security.stackexchange.com/questions/168074/aws-security-dev-test-staging-production-environments/206589?r=SearchResults&s=3%7C12.0516#206589,securitystackexchange,200
https://stackoverflow.com/questions/49996886/any-static-application-security-testing-sast-tools-for-f?r=SearchResults,stackoverflow,200
https://stackoverflow.com/questions/52177946/jenkins-multibranch-pipeline-fails-because-it-runs-in-groovy-sandbox?r=SearchResults,stackoverflow,200
https://stackoverflow.com/questions/56510896/netrc-not-being-used-in-gitlab-ci-server?r=SearchResults,stackoverflow,200
https://stackoverflow.com/questions/56522764/how-to-inlcude-container-registry-vulnerability-scans-in-the-ci-cd-script-using?r=SearchResults,stackoverflow,200
https://stackoverflow.com/questions/58551172/apple-distribution-certificate-doesnt-include-private-keys-when-created-from-ap?r=SearchResults,stackoverflow,200
https://stackoverflow.com/questions/61273136/is-there-a-way-to-configure-the-maven-compiler-plugin-to-work-with-relative-path?r=SearchResults,stackoverflow,200
https://stackoverflow.com/questions/62665625/how-to-perform-kaniko-docker-build-and-push-in-separate-gitlab-ci-stages?r=SearchResults,stackoverflow,200
https://stackoverflow.com/questions/63472046/agent-pool-deployment-pool?r=SearchResults,stackoverflow,200
https://stackoverflow.com/questions/63673058/jenkins-pipeline-multi-trigger-options-on-git-branch?r=SearchResults,stackoverflow,200
https://stackoverflow.com/questions/64218657/security-group-sg-0da667222da8a6eb2-does-not-appear-to-belong-to-the-same-vpc-as?r=SearchResults,stackoverflow,200
https://stackoverflow.com/questions/65047701/how-to-resolve-sql-database-data-motion-errors-in-azure-cd?r=SearchResults,stackoverflow,200
https://stackoverflow.com/questions/65152987/scope-for-an-enterprise-grade-ci-cd-pipeline?r=SearchResults,stackoverflow,200
https://stackoverflow.com/questions/65320915/access-to-the-path-c-windows-system32-config-systemprofile-appdata-local-micro?r=SearchResults,stackoverflow,200
https://stackoverflow.com/questions/66107317/is-injecting-environment-variables-into-ci-cd-scripts-really-best-security-pract?r=SearchResults,stackoverflow,200
https://stackoverflow.com/questions/66308908/does-github-actions-cache-detect-changes-in-the-base-docker-image?r=SearchResults,stackoverflow,200
https://stackoverflow.com/questions/66849614/gitlab-ci-cd-pipeline-of-infra-as-code-with-devsecops?r=SearchResults,stackoverflow,200
https://stackoverflow.com/questions/67388923/how-to-secure-the-environment-repo-in-a-gitops-setup?r=SearchResults,stackoverflow,200
https://stackoverflow.com/questions/67997018/how-to-detect-xss-vulnerability-for-any-commits-in-gitlab-ci-cd-pipeline?r=SearchResults,stackoverflow,200
https://stackoverflow.com/questions/68764789/error-sast-job-chosen-stage-does-not-exist-available-stages-are-for-gitlab-s?r=SearchResults,stackoverflow,200
https://stackoverflow.com/questions/71061889/build-from-the-latest-base-image-in-gitlab-ci-cd?r=SearchResults,stackoverflow,200
https://stackoverflow.com/questions/71212086/how-to-regularly-expire-or-delete-docker-build-cache?r=SearchResults,stackoverflow,200
https://stackoverflow.com/questions/71964532/do-i-need-vpc-for-a-100-serverless-architecture-on-aws?r=SearchResults,stackoverflow,200
https://stackoverflow.com/questions/73490952/devsecops-q-how-do-you-build-in-the-capability-to-automate-the-ability-to-disco?r=SearchResults,stackoverflow,200
https://stackoverflow.com/questions/73653673/how-to-retrieve-secret-from-aws-secret-manager-during-gitlab-ci-cd?r=SearchResults,stackoverflow,200
https://stackoverflow.com/questions/74279895/is-there-a-helm-chart-for-installing-tekton-pipelines?r=SearchResults,stackoverflow,200
https://stackoverflow.com/questions/74930804/module-not-found-error-cant-resolve-aws-exports-causes-automatic-build-i?r=SearchResults,stackoverflow,200
https://stackoverflow.com/questions/74974588/security-recommendations-around-granting-sites-fullcontrol-permission-to-azure?r=SearchResults,stackoverflow,200
https://stackoverflow.com/questions/74994565/webpack-fail-when-running-next-build-in-gitlab-ci-works-fine-locally-typescrip?r=SearchResults,stackoverflow,200
https://stackoverflow.com/questions/75096251/gitlab-external-job?r=SearchResults,stackoverflow,200
https://stackoverflow.com/questions/75116137/run-a-powershell-script-on-machine-connected-to-deployment-group-in-azure?r=SearchResults,stackoverflow,200
https://stackoverflow.com/questions/75354017/gitlab-ci-cd-pipeline-keeps-failing-for-terraform-plan-apply-terraform-layered?r=SearchResults,stackoverflow,200
https://stackoverflow.com/questions/75927152/how-will-new-rules-of-ca-b-forums-code-signing-certificates-affect-uwp-signing?r=SearchResults,stackoverflow,200
https://stackoverflow.com/questions/76145800/how-to-use-hashicorp-vault-with-react?r=SearchResults,stackoverflow,200
https://stackoverflow.com/questions/76447024/need-help-on-running-different-enviroments-on-git-or-with-a-ci-cd-pipeline?r=SearchResults,stackoverflow,200
https://stackoverflow.com/questions/76815440/what-is-the-preferred-way-of-storing-a-variable-in-gitlab-without-any-collaborat?r=SearchResults,stackoverflow,200
https://stackoverflow.com/questions/77042814/how-to-perform-gitlab-container-scanning-before-pushing-images-using-gitlab-ci-w?r=SearchResults,stackoverflow,200
https://stackoverflow.com/questions/77416102/does-docker-need-to-be-installed-ona-windows-server-thats-hosting-a-gitlab-cicd?r=SearchResults,stackoverflow,200
https://stackoverflow.com/questions/77900406/permissions-for-pipelines-triggered-by-another-pipeline?r=SearchResults,stackoverflow,200
https://stackoverflow.com/questions/77932002/best-practices-for-managing-azure-secrets-in-terraform-ci-cd-pipelines?r=SearchResults,stackoverflow,200
https://stackoverflow.com/questions/78069270/with-gitlab-in-the-ci-cd-pipeline-how-can-i-dynamically-create-and-save-ssh-ke?r=SearchResults,stackoverflow,200
https://stackoverflow.com/questions/78306783/how-to-get-playwright-net-tests-to-run-in-azure-devops-server-against-iis-using?r=SearchResults,stackoverflow,200
https://stackoverflow.com/questions/78675746/how-to-remove-provided-scope-dependencies-from-gemnasium-maven-dependency-scan-i?r=SearchResults,stackoverflow,200
https://stackoverflow.com/questions/78918486/assign-a-file-variable-a-value-from-ci-cd-variable?r=SearchResults,stackoverflow,200
https://stackoverflow.com/questions/79120920/how-to-properly-load-zest-script-for-authentication-in-owasp-zap-api-scan-using?r=SearchResults,stackoverflow,200
https://stackoverflow.com/questions/79326170/allow-a-particular-gitlab-cicd-job-to-be-run-manual-only-by-users-with-particu?r=SearchResults,stackoverflow,200
https://stackoverflow.com/questions/79445064/how-to-optimize-ci-cd-in-gitlab-when-using-a-custom-docker-image-for-testing?r=SearchResults,stackoverflow,200
https://stackoverflow.com/questions/79534198/is-it-possible-to-automatically-regenerate-auth-token-for-pypi?r=SearchResults,stackoverflow,200
https://stackoverflow.com/questions/79575571/issue-with-zlib-vulnerability-in-ci-cd-pipeline-gitlab?r=SearchResults,stackoverflow,200
https://stackoverflow.com/questions/79610483/pipeline-continues-to-next-stage-even-after-previous-stage-jobs-fails?r=SearchResults,stackoverflow,200
https://stackoverflow.com/questions/79630011/transitioning-from-manual-job-table-creation-to-ci-cd-with-service-principal-in?r=SearchResults,stackoverflow,200
https://stackoverflow.com/questions/35756703/how-can-i-deal-with-security-updates-in-my-docker-containers?r=SearchResults,stackoverflow,200
https://stackoverflow.com/questions/38037760/how-to-set-iframe-src-without-causing-unsafe-value-exception/74849118?r=SearchResults#74849118,stackoverflow,200
https://stackoverflow.com/questions/46750769/bintray-api-access-user-accounts-and-repository-management?r=SearchResults,stackoverflow,200
https://stackoverflow.com/questions/51038988/gitlab-runner-cant-access-gitlab-self-hosted-instance/68606949?r=SearchResults#68606949,stackoverflow,200
https://stackoverflow.com/questions/51624230/management-of-kubernetes-secrets/51627816?r=SearchResults#51627816,stackoverflow,200
https://stackoverflow.com/questions/52387669/how-to-replace-environment-variables-of-an-azure-function-in-release-pipeline-on?r=SearchResults,stackoverflow,200
https://stackoverflow.com/questions/54143695/how-to-use-my-dart-packages-private-and-not-show-on-pub-dart-lang/72643487?r=SearchResults#72643487,stackoverflow,200
https://stackoverflow.com/questions/55003651/what-are-some-ways-to-use-our-angular-components-in-another-applications-angula?r=SearchResults,stackoverflow,200
https://stackoverflow.com/questions/55402064/gradle-multi-project-integration-tests-with-junit5?r=SearchResults,stackoverflow,200
https://stackoverflow.com/questions/56794473/how-to-control-pipeline-failure-based-on-severity-of-snyk-vulnerabilities-found?r=SearchResults,stackoverflow,200
https://stackoverflow.com/questions/59039385/ci-cd-pipeline-for-aws-glue/59387318?r=SearchResults#59387318,stackoverflow,200
https://stackoverflow.com/questions/61508234/jenkins-gitlab-pipeline-email-sending-warning-and-creating-jenkins-users?r=SearchResults,stackoverflow,200
https://stackoverflow.com/questions/63019825/how-should-i-trigger-one-pipeline-at-the-end-of-another-using-the-example-from?r=SearchResults,stackoverflow,200
https://stackoverflow.com/questions/63435266/security-hole-in-azure-pipelines?r=SearchResults,stackoverflow,200
https://stackoverflow.com/questions/63769128/how-to-secure-communication-between-pact-broker-consumer-and-provider?r=SearchResults,stackoverflow,200
https://stackoverflow.com/questions/64449366/terraform-module-add-git-source-with-pat-as-env-variable/78410525?r=SearchResults#78410525,stackoverflow,200
https://stackoverflow.com/questions/64562526/how-do-i-protect-azure-pipelines-yml-pipeline-file-in-azure-devops?r=SearchResults,stackoverflow,200
https://stackoverflow.com/questions/65799380/running-docker-commands-inside-jenkins-pipeline?r=SearchResults,stackoverflow,200
https://stackoverflow.com/questions/66678238/problem-gitlab-ci-yml-mysql-connection-error?r=SearchResults,stackoverflow,200
https://stackoverflow.com/questions/66885505/how-to-decide-schema-version-numbers-with-flyway-for-multirepo-project?r=SearchResults,stackoverflow,200
https://stackoverflow.com/questions/66968609/how-to-secure-critical-data-blazor-serverside/66968743?r=SearchResults#66968743,stackoverflow,200
https://stackoverflow.com/questions/68401626/how-can-i-login-to-azure-with-powershell-using-2-factor-authentication?r=SearchResults,stackoverflow,200
https://stackoverflow.com/questions/68544196/restrict-rights-of-non-admin-users-within-databricks-workspace?r=SearchResults,stackoverflow,200
https://stackoverflow.com/questions/68649441/is-there-a-way-to-access-apache2s-setenv-variables-through-php-cli/68650169?r=SearchResults#68650169,stackoverflow,200
https://stackoverflow.com/questions/68900061/net-app-cant-find-a-node-modules-directory-in-linux?r=SearchResults,stackoverflow,200
https://stackoverflow.com/questions/70752671/does-sauce-lab-needs-authenticate-to-run-tests-which-are-in-client-side?r=SearchResults,stackoverflow,200
https://stackoverflow.com/questions/70833690/gitlab-not-picking-up-jobs-from-gitlab-ci-yml-on-new-projects?r=SearchResults,stackoverflow,200
https://stackoverflow.com/questions/70983600/remote-the-project-you-were-looking-for-could-not-be-found-or-you-dont-have-pe/76804130?r=SearchResults#76804130,stackoverflow,200
https://stackoverflow.com/questions/71159918/what-could-cause-terraform-to-forget-that-its-already-managing-a-resource-it?r=SearchResults,stackoverflow,200
https://stackoverflow.com/questions/71612340/error-cannot-perform-an-interactive-login-from-a-non-tty-device?r=SearchResults,stackoverflow,200
https://stackoverflow.com/questions/71624199/unable-to-pass-selenium-tests-within-azure-pipeline?r=SearchResults,stackoverflow,200
https://stackoverflow.com/questions/71727346/binary-authorization-for-cloud-run-vs-gcloud-vulnerability-filter?r=SearchResults,stackoverflow,200
https://stackoverflow.com/questions/72276282/is-there-a-way-to-start-an-application-in-a-docker-container-during-deployment?r=SearchResults,stackoverflow,200
https://stackoverflow.com/questions/73672202/terraform-state-file-in-multiple-backends?r=SearchResults,stackoverflow,200
https://stackoverflow.com/questions/74140016/junit-tests-run-locally-but-not-in-github-actions?r=SearchResults,stackoverflow,200
https://stackoverflow.com/questions/74369654/failed-to-execute-goal-org-sonarsource-scanner-mavensonar-maven-plugin3-9-1-21/75383502?r=SearchResults#75383502,stackoverflow,200
https://stackoverflow.com/questions/74890843/snyk-cli-for-docker-scan-azure-pipeline/74897835?r=SearchResults#74897835,stackoverflow,200
https://stackoverflow.com/questions/76940753/deploying-prisma-to-database-unaccessible-by-github-actions?r=SearchResults,stackoverflow,200
https://stackoverflow.com/questions/77041495/how-do-i-sign-an-xlsm-file-with-an-azure-keyvault-stored-certificate-after-june?r=SearchResults,stackoverflow,200
https://stackoverflow.com/questions/77298458/how-to-hide-env-keys-in-production-environment-on-aws-s3-bucket-cloudfront?r=SearchResults,stackoverflow,200
https://stackoverflow.com/questions/77695575/github-actions-env-var-not-working-with-net-getenvironmentvariable?r=SearchResults,stackoverflow,200
https://stackoverflow.com/questions/77880092/codecommit-cross-account-deploys-with-codepipeline?r=SearchResults,stackoverflow,200
https://stackoverflow.com/questions/77987385/how-to-run-docker-build-command-inside-a-docker-container?r=SearchResults,stackoverflow,200
https://stackoverflow.com/questions/78506474/gitlab-runner-executing-commands-on-remote-server?r=SearchResults,stackoverflow,200
https://stackoverflow.com/questions/78567660/secure-alternatives-to-o-stricthostkeychecking-no-in-ssh-for-jenkins-pipeline?r=SearchResults,stackoverflow,200
https://stackoverflow.com/questions/78871360/using-gitlab-container-registry-internally-with-http-only-no-https-selfhosted?r=SearchResults,stackoverflow,200
https://stackoverflow.com/questions/79100049/ci-cd-build-image-container-unable-to-run-systemd?r=SearchResults,stackoverflow,200
https://stackoverflow.com/questions/79577221/how-can-i-visualize-gitleaks-json-results-in-gitlab-automatically?r=SearchResults,stackoverflow,200
https://stackoverflow.com/questions/79672997/dependency-check-or-cyclonedx-with-dependency-tracker?r=SearchResults,stackoverflow,200
https://stackoverflow.com/questions/8092086/create-postgresql-role-user-if-it-doesnt-exist/68947421?r=SearchResults#68947421,stackoverflow,200
https://stackoverflow.com/questions/31519661/is-it-possible-to-show-fortify-scan-result-on-jenkins/55232108?r=SearchResults#55232108,stackoverflow,200
https://stackoverflow.com/questions/31527927/directory-remapping-between-users-or-processes-on-linux/75074063?r=SearchResults#75074063,stackoverflow,200
https://stackoverflow.com/questions/33283725/what-are-some-use-cases-for-using-elasticsearch-versus-standard-sql-queries/33285573?r=SearchResults#33285573,stackoverflow,200
https://stackoverflow.com/questions/45698859/industry-standard-methods-of-automating-azure-resource-deployment?r=SearchResults,stackoverflow,200
https://stackoverflow.com/questions/46472250/cannot-push-from-gitlab-ci-yml/75573010?r=SearchResults#75573010,stackoverflow,200
https://stackoverflow.com/questions/47394913/trigger-hp-webinspect-from-jenkins/55232083?r=SearchResults#55232083,stackoverflow,200
https://stackoverflow.com/questions/49222422/how-to-secure-ci-cd-pipeline/49230465?r=SearchResults#49230465,stackoverflow,200
https://stackoverflow.com/questions/49374611/what-are-some-best-practices-for-hosting-a-jenkins-server-on-the-cloud/49375241?r=SearchResults#49375241,stackoverflow,200
https://stackoverflow.com/questions/55354805/how-to-add-ca-crt-ie-certificate-inside-the-docker-executor-of-gitlab-runner/55356018?r=SearchResults#55356018,stackoverflow,200
https://stackoverflow.com/questions/55460997/how-to-overcome-intermittent-scope-session-is-not-active-for-the-current-threa?r=SearchResults,stackoverflow,200
https://stackoverflow.com/questions/56366064/migrating-classic-asp-net-solution-to-azure-repo?r=SearchResults,stackoverflow,200
https://stackoverflow.com/questions/56577890/gitlab-runner-unable-to-run-aws-commands/78308923?r=SearchResults#78308923,stackoverflow,200
https://stackoverflow.com/questions/57137554/is-it-safe-to-use-gitlab-ci-protected-variables-for-secrets/57139473?r=SearchResults#57139473,stackoverflow,200
https://stackoverflow.com/questions/57949044/ci-cd-how-to-run-the-initial-setup-steps-yum-upgrade-deps-installation-etc/57949154?r=SearchResults#57949154,stackoverflow,200
https://stackoverflow.com/questions/62158544/how-do-you-manage-image-versions-with-packer-and-terraform?r=SearchResults,stackoverflow,200
https://stackoverflow.com/questions/62575234/npm-dependencies-to-another-private-bitbucket-repo-azure-devops-pipeline-authent/62651771?r=SearchResults#62651771,stackoverflow,200
https://stackoverflow.com/questions/63569452/best-practice-for-running-database-schema-migrations?r=SearchResults,stackoverflow,200
https://stackoverflow.com/questions/63577998/how-to-manage-service-account-token-usage-in-k8s/63578464?r=SearchResults#63578464,stackoverflow,200
https://stackoverflow.com/questions/64563312/unable-to-configure-https-endpoint-for-net-core-kestral-server-in-linux-contain?r=SearchResults,stackoverflow,200
https://stackoverflow.com/questions/65267020/best-practice-net-core-api-and-docker/65267082?r=SearchResults#65267082,stackoverflow,200
